CREATE DATABASE  IF NOT EXISTS `programacion2` /*!40100 DEFAULT CHARACTER SET utf8 */;
USE `programacion2`;
-- MySQL dump 10.13  Distrib 5.7.39, for osx10.12 (x86_64)
--
-- Host: 127.0.0.1    Database: programacion2
-- ------------------------------------------------------
-- Server version	5.7.39

/*!40101 SET @OLD_CHARACTER_SET_CLIENT=@@CHARACTER_SET_CLIENT */;
/*!40101 SET @OLD_CHARACTER_SET_RESULTS=@@CHARACTER_SET_RESULTS */;
/*!40101 SET @OLD_COLLATION_CONNECTION=@@COLLATION_CONNECTION */;
/*!40101 SET NAMES utf8 */;
/*!40103 SET @OLD_TIME_ZONE=@@TIME_ZONE */;
/*!40103 SET TIME_ZONE='+00:00' */;
/*!40014 SET @OLD_UNIQUE_CHECKS=@@UNIQUE_CHECKS, UNIQUE_CHECKS=0 */;
/*!40014 SET @OLD_FOREIGN_KEY_CHECKS=@@FOREIGN_KEY_CHECKS, FOREIGN_KEY_CHECKS=0 */;
/*!40101 SET @OLD_SQL_MODE=@@SQL_MODE, SQL_MODE='NO_AUTO_VALUE_ON_ZERO' */;
/*!40111 SET @OLD_SQL_NOTES=@@SQL_NOTES, SQL_NOTES=0 */;

--
-- Table structure for table `comentarios`
--

DROP TABLE IF EXISTS `comentarios`;
/*!40101 SET @saved_cs_client     = @@character_set_client */;
/*!40101 SET character_set_client = utf8 */;
CREATE TABLE `comentarios` (
  `id` int(10) unsigned NOT NULL AUTO_INCREMENT,
  `usuario_id` int(10) unsigned NOT NULL,
  `producto_id` int(10) unsigned NOT NULL,
  `comentario` text NOT NULL,
  `created_at` timestamp NOT NULL DEFAULT CURRENT_TIMESTAMP,
  `updated_at` timestamp NOT NULL DEFAULT CURRENT_TIMESTAMP ON UPDATE CURRENT_TIMESTAMP,
  `deleted_at` timestamp NULL DEFAULT NULL,
  PRIMARY KEY (`id`),
  KEY `fk_comentarios_usuarios` (`usuario_id`),
  KEY `fk_comentarios_productos` (`producto_id`),
  CONSTRAINT `fk_comentarios_productos` FOREIGN KEY (`producto_id`) REFERENCES `productos` (`id`),
  CONSTRAINT `fk_comentarios_usuarios` FOREIGN KEY (`usuario_id`) REFERENCES `usuarios` (`id`)
) ENGINE=InnoDB AUTO_INCREMENT=41 DEFAULT CHARSET=utf8;
/*!40101 SET character_set_client = @saved_cs_client */;

--
-- Dumping data for table `comentarios`
--

LOCK TABLES `comentarios` WRITE;
/*!40000 ALTER TABLE `comentarios` DISABLE KEYS */;
INSERT INTO `comentarios` VALUES (1,1,1,'Muy buena publicación, me interesa','2023-04-12 17:17:32','2023-04-12 17:17:32',NULL),(2,2,1,'la mejor compra del año','2023-04-12 17:30:04','2023-04-12 17:30:04',NULL),(3,3,1,'Que lindo!','2023-04-12 17:30:04','2023-04-12 17:30:04',NULL),(4,5,1,'Tremendo','2023-04-12 17:30:04','2023-04-12 17:30:04',NULL),(5,1,2,'Fancy','2023-04-12 17:30:04','2023-04-12 17:30:04',NULL),(6,2,2,'Me encanta, dame 1000','2023-04-12 17:30:04','2023-04-12 17:30:04',NULL),(7,3,2,'Muy comodo','2023-04-12 17:30:04','2023-04-12 17:30:04',NULL),(8,4,2,'Muy buena calidad','2023-04-12 17:30:04','2023-04-12 17:30:04',NULL),(9,2,3,'muy accesible','2023-04-12 17:30:04','2023-04-12 17:30:04',NULL),(10,3,3,'me encanta el color','2023-04-12 17:30:04','2023-04-12 17:30:04',NULL),(11,4,3,'que buen producto','2023-04-12 17:30:04','2023-04-12 17:30:04',NULL),(12,5,3,'es lo que estaba buscando hace muchooo','2023-04-12 17:30:04','2023-04-12 17:30:04',NULL),(13,1,4,'lindisimo','2023-04-12 17:30:04','2023-04-12 17:30:04',NULL),(14,2,4,'super iconic, love it','2023-04-12 17:30:04','2023-04-12 17:30:04',NULL),(15,4,4,'espectacular','2023-04-12 17:30:04','2023-04-12 17:30:04',NULL),(16,5,4,'lo amoo','2023-04-12 17:30:04','2023-04-12 17:30:04',NULL),(17,1,5,'perfecto regalo para mi mamá','2023-04-12 17:30:04','2023-04-12 17:30:04',NULL),(18,2,5,'alusinado con sus productos','2023-04-12 17:30:04','2023-04-12 17:30:04',NULL),(19,3,5,'tremenda página, este producto no lo encuntro en ningun lado','2023-04-12 17:30:04','2023-04-12 17:30:04',NULL),(20,5,5,'enamoradaa','2023-04-12 17:30:04','2023-04-12 17:30:04',NULL),(21,5,6,'Muy comodo','2023-04-12 18:22:09','2023-04-12 18:22:09',NULL),(22,4,6,'me encanta ','2023-04-12 18:22:09','2023-04-12 18:22:09',NULL),(23,3,6,'vintage','2023-04-12 18:22:09','2023-04-12 18:22:09',NULL),(24,2,6,'el pantalon mas comodo que me probe en mi vida','2023-04-12 18:22:09','2023-04-12 18:22:09',NULL),(25,1,7,'divino','2023-04-12 18:22:09','2023-04-12 18:22:09',NULL),(26,2,7,'el mejor regalo para mi novia','2023-04-12 18:22:09','2023-04-12 18:22:09',NULL),(27,3,7,'es perfectoo','2023-04-12 18:22:09','2023-04-12 18:22:09',NULL),(28,4,7,'lindisimo','2023-04-12 18:22:09','2023-04-12 18:22:09',NULL),(29,1,8,'muy bueno precio calidad','2023-04-12 18:22:09','2023-04-12 18:22:09',NULL),(30,3,8,'la mejor compra que hice en el año','2023-04-12 18:22:09','2023-04-12 18:22:09',NULL),(31,4,8,'es perfecto','2023-04-12 18:22:09','2023-04-12 18:22:09',NULL),(32,5,8,'comodisimo y perfecto para el verano','2023-04-12 18:22:09','2023-04-12 18:22:09',NULL),(33,1,9,'son muy comodas','2023-04-12 18:22:09','2023-04-12 18:22:09',NULL),(34,2,9,'muy buen color','2023-04-12 18:22:09','2023-04-12 18:22:09',NULL),(35,4,9,'la comodida para caminar es muy importante para mi, estas zapatillas son perfectas','2023-04-12 18:22:09','2023-04-12 18:22:09',NULL),(36,5,9,'increibles, nada mas que decir','2023-04-12 18:22:09','2023-04-12 18:22:09',NULL),(37,1,10,'se las regale a mi hermana y no dejo de sonreir','2023-04-12 18:22:09','2023-04-12 18:22:09',NULL),(38,2,10,'gran producto, este y todos los que hay en la página','2023-04-12 18:22:09','2023-04-12 18:22:09',NULL),(39,3,10,'sencillas y perfectas','2023-04-12 18:22:09','2023-04-12 18:22:09',NULL),(40,5,10,'muy lindas','2023-04-12 18:22:09','2023-04-12 18:22:09',NULL);
/*!40000 ALTER TABLE `comentarios` ENABLE KEYS */;
UNLOCK TABLES;

--
-- Table structure for table `productos`
--

DROP TABLE IF EXISTS `productos`;
/*!40101 SET @saved_cs_client     = @@character_set_client */;
/*!40101 SET character_set_client = utf8 */;
CREATE TABLE `productos` (
  `id` int(10) unsigned NOT NULL AUTO_INCREMENT,
  `usuario_id` int(10) unsigned NOT NULL,
  `nombre` varchar(50) NOT NULL,
  `descripcion` text NOT NULL,
  `foto_del_producto` varchar(15000) DEFAULT NULL,
  `fecha_de_carga` date NOT NULL,
  `created_at` timestamp NOT NULL DEFAULT CURRENT_TIMESTAMP,
  `updated_at` timestamp NOT NULL DEFAULT CURRENT_TIMESTAMP ON UPDATE CURRENT_TIMESTAMP,
  `deleted_at` timestamp NULL DEFAULT NULL,
  PRIMARY KEY (`id`),
  KEY `fk_productos_usuarios` (`usuario_id`),
  CONSTRAINT `fk_productos_usuarios` FOREIGN KEY (`usuario_id`) REFERENCES `usuarios` (`id`)
) ENGINE=InnoDB AUTO_INCREMENT=14 DEFAULT CHARSET=utf8;
/*!40101 SET character_set_client = @saved_cs_client */;

--
-- Dumping data for table `productos`
--

LOCK TABLES `productos` WRITE;
/*!40000 ALTER TABLE `productos` DISABLE KEYS */;
INSERT INTO `productos` VALUES (1,1,'Remera Infinite','Remera de jersey, cuello redondo manga corta. Molderia oversize. Largo a la cadera. Estampa centrada en frente. Estampa en mangas.','https://encrypted-tbn0.gstatic.com/images?q=tbn:ANd9GcRDVGCjwA5c0L_nWMjRp9Be7hIIQJwnkLxA-eLee0Avh43EDFshwiY2TzMhIM0FVc2UcNo&usqp=CAU','2023-01-23','2023-04-12 16:56:57','2023-06-07 18:51:01',NULL),(2,1,'Pantalon Estrella','Jean 5 bolsillos tiro alto relajado, piernas rectas, con tajos laterales de ambos lados en altura de cadera. Bordes de bolsillos gastados.','data:image/jpeg;base64,/9j/4AAQSkZJRgABAQAAAQABAAD/2wCEAAoHCBIRERERERIPDxEREQ8PEREPEREREBEPGBQZGRgUGRgcIS4lHB4rIRgYJjgmKy8xNTU1GiQ7QDs3Py40NTEBDAwMEA8QHhISHDcrJSwxNDQxNDY2NDYxNDQ0NDE0NDQ0NDQ0NDQ0NDQ0NDQ0MTQ0NDQ0MTQxNDQ0ND00NzQ0NP/AABEIARMAtwMBIgACEQEDEQH/xAAbAAACAwEBAQAAAAAAAAAAAAABAgADBAUGB//EAD0QAAIBAgQCBwQIBQQDAAAAAAECAAMRBBIhMQVBBhMiUWFxkTKBocEUI0JScrHR8AdigpKyM6LS4WOjwv/EABgBAQEBAQEAAAAAAAAAAAAAAAABBAID/8QAIhEBAQEAAgICAgMBAAAAAAAAAAECAxEhMRIyIkEEE5GB/9oADAMBAAIRAxEAPwD3ipLQsZVjBZVKFhCxwsYCFVZYQstCwhZBWFjBY4WMFgIEjZY4E4vSfj6YCkGy9ZWqErRpXy5mA1ZjyQcz5DnBJ26+WTLPg/GukHEHc1KmJrJqWy0XamiDuVVNredz4yzg/wDELH0Ki9ZUbE09A1OtZiVHc1rg+M5mnVzY+5FIpWUcG4lTxdCnXpm6uL2O6tzU+ImsidOVJWLll5WKVgUlYpSXERcsCq0UpLisBECgrEZJoKxWWBmZJJYyySjWojgQqIwEIAENoQIQJAAIbQgRrQpQI4EgEa0AWnw/p1ja+O4gKVNHCdY2HoMVKq+Q2chjoQGzEny7p9px9YU6NWodBTp1HJ/CpPynh+i+GWpg8LUcK7U3qOht2gzE5mvzJJPoJ48uvj09uHE13XMr9D0XDKjVgtQOru703ZDtdSQNt55nG9DcQlMOn0esuViXpOMp8ADbWfVsdwlMSFbNURl0Jp1HQEeIU2b3+E43TDDCpSopTenZKwV1cZw65SNR5lTPGasabmX9Mf8AB+tUNLF0qgymm9J1U6EB1a+nmDPolp85/hshTiHEafZslDBAhBZQQp2/uYz6SRNU9MOvtVdorCWQESoqIgtHIkIlFZES0tIgtArtFcS0iVsIFTCSORBA1AQgQgRrQgWhAhAhtAAEaSSFEQwCGQcTpni1pYDEFjq6Gmg5s7aAfn6T5V0E4hUSrRpHOUNWuRaoxT/TClBTtYNmUm99cx0nY6e9I0q1KtMNenQZqSBdc9UaH/dp5L4meD4f1lJGIZkdCmIDKbMr50XQjnYm/jpynjq/K2f8acz4yf6+9pULKeqK3O2YXF+4i4nkeKmqKwavkdFVwCyKrLsTlsT3AW/O84NDpTimq9WpR2ynNUcMj6aKSybi5Uaqd55rE8XxeLxVOlVqXVa+TIns5ludSAC2o+Gk85w2Xqu/7513I9N/D/iLJxJ6wDCljXaibtpdMoJsRcFXemoH3ah7p9jM+O/w9wx+m0qdRlSmK2KxFJLWLVE7OXw0VTb/AMSz7EZpzWTU69lgMNoDKhYGhgMAQWjQQEMRhLDFIlFZEMJEkDQBGEgEaEQSQwQqSSSSAiJiMMalN0FR6RdWQVKeXOlxbMuYEA92hjTSo7PugeOwnQDh9IgtSesRfK1eo7i/M2Flv5ibcR0YouyhadOjTUEkU0W7va13B0YAT0aDQj+r13iFLbbTm5l8WOpvUvfbxXFeiSKGq0KapUNgXw5NNimYNons308dCe+fMqfDquDxCo+HrUmqYpWp1Ct0WmbjLtyRnJ8OVgZ9+qTh8V4ala4dVbmpIvYyddL8+/cfMMNTq4fFYMuoWp9L7DK1zn+kIKlO+zKUqXvbuHLX7YZ4nEYBalXhdFaaIcNiKrlUVEVEREfQC2hNtp7a0uZ12mr30BiGOYjTpyQySGAmBJLxS0XNAMJgBkgAiSGSUaBDBGhEkghkUJIYIEmvlMk1p7I8hARfat4E/rHGu2vlMzn6xBca5tDzIUm3z90054FNRJlZdZtdhaczEYpFOp9IAbDKKiVLaobm2/sst/Rj+wJvnKbiKcg3pLeG4nO1ROShGHhmvcfCBuMraWGI0CtjK2aM0pYwIWgzQExYFitLQZQstSA0kYyQL5JJJQZJJJBIIZIEmql7ImWX0DpAyYprV8P/ADVGX/1PNz0793zmHFZTUS5tldXB8cwH5E+sLccwwJXr6bFdCEJex7uzeS2Qkt9ND4fxJnOxOBBJOsL9IKWvV0sVXI5JQemP7qmVT6zmYvpDicp6rC0131xFfte9UUj/AHTm7zP27nHq/ppGFBFwL+e0v4Ph8qO5N2qOfIKhKgfn6zzLdLauGpnrsLTqEsWbq6zLZL62BQ+l56Xo9jUxGFSrTBCOXyhhY2zn53Hulzqa9OdZ1n26DStpaRKXnSKmlDS55S0BYIYQIBWWpKhLlgNJDJAukkhlRJJJIVJIZIEEtw7G5FhawIPf3ysSyjvIjlcWw4quKDoGSulSm5zFSEKm5Fr66XG04lHhi4KoKNN3dMocGoVLglm0uAL7T1eOQAo5A7DjU2GUN2Sb+RnF4jTL4lipByKisL6je3znly5tnidvbh1M683qNA2vOdijbTvmx7qus5WIqXNplvc8Vqz1fMcHjIuoHcCD759C4PXWphqDqFUNTTsqAFVgLMoA2sQRPA48fWEHZqbkfjUiw9C3pN/Q7ixQiizHISSq6GxO5HPeevDrq9PLmz3nt7hpU0uJvtKXmplZ3MpYy15SYEEIgEIgMsvSUiXLAJkkkhFwhgklBhgkgGSCMIEEZDYiLCJBdikujc9L+k8p0TxlSojl6YzPWxJZwRl7DZBc+OUaAT2C6jzE8Zw/PTr4zCsWResL0npgM4V7NexB2LgagjQzvH7ee/07WIyqM3V7c1u1/TX4TkYnI6hwhDkqLLuLtYk2+YvpNWOenRply9R2VAAqU1ao2UZeyFUak+vlOZjn1bIStRbFFq2cIMt81gLruLA2PZO3P0+E1Pynbj53N7zenI4hhmqU1em2bMxCBhYsCSFNx36eV5z+H01psrmoM4daedHPVIC6hrHnrlBNvtWFufTxKVKIwtJahWn9IwyMzXd2p9Yq5M24J01nM4XhSUdmAGXEu+RTZEVamfIANz2FF9edp53gxmXUn6euefe7M2+6+pVKig0wGUhxYEbNpcEenxi1J5noHUq1qL1qwOXran0fNrZGsTb33Hr3T01SeefXl3qdXqMjysy15UZQIYJIFiy0SgGWqYQ4gjCSBbDAIZQZIIYBhEAhgSMIBGAgW4dgQwH2WynzsD855npNQ6rE0MXkDIQcNWNrlAxGRvw3uD+Ie7biOKdSWRVDM7sbk2CjRdtzqPCcPpTjq7Ycr1gUVHp0soVMvbYKNwTud7zn+3ONOpw63nw245B1bsj1EYoVUrUqAA8rC9hOeyKlMFGZ9RcuxdiedyfID3R+CYo18IpYksoyNe18w0PpaA80J77DxmxiaSKboCyq1irjNtnUhwfMWvORhEzozEaM9RyDoMrMW+c56CtXcUULhahcM2oVMMhKvbnmZlte/wB2x3v6CvSVKLhRshGvlL10du50fpKmEo5VChkzm3NmNyZtqRcBTyUKKfdpU19EEdpkvtqnpkcSlpfUlLSKWSSSBJYsrjrAvEEIglF4hEURhAMgghEBhIIBCIDCMsUQu2VS3cCfQQPMcb0K1AD/AKhUkclZwLn4mcXi12o1LkMVVKyC/wBtHuw9QvrPRYtcwRSMys3azEgW+fvnJx/Aql89MhlJIKHQqpBBAPcfLx5Tjl4LdfKPb+P/ACczPx14c7oxXtUqqpJR3ZxcAe1rty3l/FMWqFnLKipcXJt4fGDhWFekSXQqQLDblt5zgdIGNTEU6R1QZajAE6tc2B7+fwmzGfUYN6916PgVQmmOr0uqq7bFrXtbu3J98v4uj5Kag3LuFIN+1cWEHA0AQBAFUa78/SasofEYdALjrEJ25G5/KdbsjjEtesYW0Gw0HlK2lryppja2apM7TTUEzPKpYRBJAkdYsZYF4gkEEC+EQQwDDJDAkIghEBhBXTMji9rqdfCMJXjGtTc/ykeunzlntL6eQxHFCtXtYbEulMZespJTexvvbNnsbDYHadTC8XoVbqlQZtRkdWpvcG2iuATqNxeSj4frLMTRV6VQhRmKvlawzA23B/7nvZWeWKOIP2Lz51jWb6UX1a5sV3AAOX5T2nC6rYlKCMczObN3kKCT8BPJY0EYlLAWampY/aDX3HnrO8e3O/Xb13A6fYF9z4WtMPGENQslN3S7KqvSdkdbEEsrLqNrXnX4WPq121HLn+kyIgDPp7KkCTXmmfEetwV+qpZiWbq0zMxuzHKLknvjtJhh9Wg/kT/ESNMtaooqTK80vMzwpbyQQiBI6mJGEC5TJFWSBqEkghtAghktCBAIhEAEYCARM3FWtSPiyj0N/lNQEw8ZayIO9ifQf9zrP2jjf1rm0FsQfGasP7HI3AOgsD42mantfw8gCO/ummkd793feaKz5cjobhz9IqgjSg1UDwLNYfAmeOxZH0xhuUAUC/K/6GfQOj4yY3FJrapTSpytdTlPv7U+fvmOLxDdnKHyj7xZeyQf7Y4/O6u/rHteHE5FB5CZ8d2VqEcwT8JowjDq1I00H5QGhnAv9tlQD8TAfONe0y9Qq2AHcAPQRGltSVNMrUoqTK01VJkaAsIiwiAYwgEZZRYokjKIJBoBhvKg0N4VaDDeVZoQYFoMYGUho4aBcDOXxtv9MfjP+M6Aaczi2r0x/KT8Z3x/aOOT61kpsNF01DaEXuLfveaqO/hMyLqdeza2hOuvd7jrNFFwDt4a/vznvWaNHC6QFeq3MU0APgWYn/ET5bhXDO76nO7ub2+0xOnhrPplXEZKeMqD7GHzDzCvb5T5nhgEYDTRVFgLa/u8cU81eW/jHs8Ac1NR4TqYWnmq0h90lz/SLj45ZwuGV9LW03E9DwezO7fdRV/uN/8A5k5PEq8fmx12MqcwuZUzTM1K6pmRzLqrTM0AXjAyuMDCLRHWUgyxTKNAhiBpJBA0a8rWOIU15AYIYBBjAxRGEB1M53E9XTwUfmZ0ROdj/b8kH5menH9nnyfVQp1/qFiO62xPv5y0H87ypU1Ddo6m2thy0K9/jLAfO37/AH757s7n8drlcLiRreo2Hoi2/tFj8AZ4dFu+nfy9fmZ6bprVCUaCdo58Q79m4F0pgAG3K7kTy1Goc4Atc6k67a/rOuOeLU5L5keowC2At5TvcEf66oveiH3hj/ynlF4gKAuwL1CBlp07s5J2v3DznW6H1MQ1apUxAVA9MinTW5K9oE5jzP6Scs/GnFqfKR65jKXaF3md3mJtKxlZEJaAQFywhY6peWKkorVIwWWhZLQK7QxiJIABlggURwJRBCIQIwEgURhCBCBAgnLx7fWHyX8p1gJw+Jkis3P2NP6Z68M/J5cv1XUwDba9h35tzz7tdpVUq5Ax102vzPL4yKcqlnYIoGYszABQNyb/AL0nFXiK4mutLDh6+bUVFUrRVdi7OeW+2/KezwZOmoK08CWOmTEuw5sS9Nh+Ynj8DjHd70qbV3+8/Yop7zqZ9H6cUlWhQuuZKZZG7Ia6lVFvgD7p4/Dr1lTIgCoDYkC1/CXiveU5c9VtwGDxTWqPUojNc5aNPfv7bXPvE9JwvMtRAf5jpc3GU6n1lvDeHmoLJlypZWbcA9w7ztpNgwXUl2Bz3AF8tioG+vnbTwnPJyTqx1x8d7laHeUG5iCpea6NK+syNilaZPKXJRM0BLRrePwlRUEhyyy3j8Ip98BSsBWG/jJlHjArYSRyskoRXlgeULLBCLQ0YNKhGECzNCGlQkvAau5CMRvbTznm3rChmL9ZWdizhKaPUt7wNTvuZ6CopKkAXJGnnMT4etZStPtX7Wa47INrCwOp3E9ePUkePJLa8ZU4ViMWxfEvUppqUSoad1tzFJewtrbsXbxE63RfALhKruKlWqKyZGLszKpFnUjwsTqO+eso8HGdXcm63ACnQg9/75mX18JTVcyqqhLEW0y27rS65ZZ8YmeKy91yMcUrI1N+0r6Ecx3EeM8bwTh2Su9NKq1mDFiHdDWzAk58mgtYgc9J67H4RkIIBtoGI9nN3gXJA84OH4LI2bS+p1ANr72J2nlnWs+nrrOde3a4RhxSphLKpuzEKoVbk32l+Kw+e1trHNqRfu2gpPe15oNRVFyyqPEgTi1104QwxRu3ax5gWW/gJvQC0z8Tx9JlyI3WPcWFNWqWPiVFh7zDhy2UZtD3SwXmLBmgJlDXgJikwFyICuIhJlmcRWAMBDUkiskMoixxEEYQHEN4saA0gEF5AYF1NdQZpoXAIZ8/cSoU28baGYg0dak5sHRBkIvbzvMS4i0Y4k8rDzF5OhfUpKQbi84CVglVqepINx5HlNeJptU0atWC/dpstMeqjN8ZRh8LTp36tAt9ySWY+ZOssK1K8frDKAYbyosZ4pMTNDeFS8l4DFvKGvIWi3kMAGITCYjGAxeCIWkgWCMskkIcQiSSFQSSSQGEWSSENFkkgNEaSSABGkkgLJJJCjEaSSBITJJAQxWkkgVNDJJA/9k=','2023-01-30','2023-04-12 16:58:59','2023-06-07 19:06:09',NULL),(3,2,'Buzo Rustic','Buzo cuello redondo de frisa liviana. Cuello y puños aplicados en ribb complemento. Detalle de abertura en puños para pasar los dedos','https://encrypted-tbn0.gstatic.com/images?q=tbn:ANd9GcSpQExARQJ3NcuiTf6WwfbHFIfL4r7nwPbsM__XQGfaqYVB7h_8JR6FoH9wFTsavnTcmg4&usqp=CAU','2023-03-02','2023-04-12 17:00:46','2023-06-07 19:06:09',NULL),(4,2,'Botas Cowboy','Bota de PU simil gamuza. Plataforma de 4 cm. Taco de 11,5 cm. Con cierre posterior.','data:image/jpeg;base64,/9j/4AAQSkZJRgABAQAAAQABAAD/2wCEAAkGBxIQDw8PEhIQFRAVFRUPEBUVDw8QGBUVFRUWFhUVFRUYHSggGBolHRYVITEhJSkrLi4uFx8zODMsNygtLisBCgoKDQ0NDw8NDisZFRkrNysrLSsrKzc3Nzc3KysrKy03Ky0rNysrNy03LSs3LS0tLS0rKzctLS0rLSstNysrK//AABEIAOEA4QMBIgACEQEDEQH/xAAcAAEAAgMBAQEAAAAAAAAAAAAAAQIDBwgGBAX/xABOEAACAQMBAwcEDAkKBwAAAAAAAQIDBBEFBxIhBhMxQVFxkSJhgaEUI0JScoKSk7GzwfAIJTJic6KywsMkMzVDU1RjtNHxFWSDo6TT4f/EABcBAQEBAQAAAAAAAAAAAAAAAAABAgP/xAAXEQEBAQEAAAAAAAAAAAAAAAAAAREx/9oADAMBAAIRAxEAPwDeIAAAAAAAAAAAAAAAAIAEggkAAAAAAAAAAAAAAAAAAAAAAEEkAADWG2nlFeWXsT2PWdKjONZ1cR4ylDm8R3sNx8mUnwa6Hx4EGy69eMFvTlGMe2UlFeLPx63LLToNqV9Z5XSlc0pPwTOULirKdSUqjlKpnjKeXPOeluXHJPOPGMlxXT11tI0qn03kH8CFap64xaPz57XNKXRVrS7rasv2kjmyUvOFIuDoatto0+LwqV7LzqnQS9dTPqMD23WX92vPSrZfxDQakGxg36tttl/drz/xvtqFo7bLHrt71fFtX/FNAKWMF3xGDoy12u6XPG9OvTfZK3nL6vePTaLyns71uNvcU6kksuCbjNLt3JYljz4OTkev2VVMa1p/Fry6i8aFVYJg6ZJIBESACgAAAAAAAAAAAAAAAAQSAIPGbSNMo3j0yzqxbVa7aypbrjGNvXlPD86WP9j2Z+XqOlurd2NxvR3bfnpOLTy5VKe5FruTl4kHK/KjTPYl9d23HFOtOEc9O4m9xv4u6flnvtuNhzWs1ZpcK1KlX9OHSf1XrPAI2DRVmZIrJBVYMyEboAll4soWTAufu8hLrm9V06f/ADFKHy5qH7x+CfXpVXm7i3qe8q0qnyJxl9hB18ADKJABQAAAAAAAAAAAAAAAAAAEAAg07+ERpqdKxu10xlO3l51NKcfDcn4mkYnRm3aGdIz2V6b/AFai+05yzg1BdFmUTLZKoiyIRLCDKuRJDQVZMt1PtwymC8GB2Dp1bnKNGouidOE18aKf2n0HndnVxzmkadLpxb06fza5t/snojCJABQAAAAAAAAAAAAAAAAIJIIAJMdetGnCVSbUYRTnOT4JRSy2/MkBqv8ACC1RQtLa1T8qpUdZr82EXHj3uf6rNAyZ6naDykepXtW54qnwp0Yv3NKLe5nsby5NdsmeX3TcEwmZ4s+VotCbQH0tEr1lYPKJTChGSUysmEGyYGNTMkWFdF7Db5VNIjTzxo1qtJ90nzq+s9RsE0p+D1f4q31s3wlCnXgvPByhUf61PwN1maCJIJCAAAAAAAAAAAAAAAABABBJqrbpyn5q3hp1N+2V/LuMP8minwj8eSx3Rl2my9TvoW9CtcVHinShKrN/mwi5PHnwjk7lBrVS9ua93V/nKsnLGcqMeiEF5kkl6Cwfl1ePExmaJWSNDEVLyRjKLRkZ94+YlMDM5FXxITLpgVUS6RKJRB7XY9f8zrNr1KrzlvLulBtL5UIHS5yFoN5zF3a184VOtSqt9HCFSMn6kzr0zQJIJAAAAAAAAAAAAAABBIAgAEH4/LGx9kadfUMtOdCrFNRlLD3HjyVxfHHBcWckOR2e0ccarayo1q1GaanTnKnJNNNOLaZqD5d8q6hRkbxoX3yrZGSrYFgVTJyBdSLpmFMupAZUy2THFmVIip4PK7eB1nyN1L2Vp1lcdc6MHP4aW7NfKUjkyKOgdgupc5ptW3fTQrSUfgVfbE/lup4Eo2WSQSRAAAAAAAAAAAAAAIJIAAAgHK20/jrGot5zzzXT2Ril6kjqk5U2lv8AG+o/p5r6Eag8myMosyjRoS0Q0DPStak6c6sYSdODhGpJJtRc97cUn1Z3ZY7gPnJJG6BXJKYaIAzRZljI+aLMkWB9KZsnYVq3M6lO3bxG4pOKXbUp+XD9XnfFGs4n6Wh6nK0ure5jnNKpCrhdai8uPpWV6SVXXgKUK0ZwjOLTjJKcWutSWU/AuYRIAKAAAAAAAAAAAEEkAAAQDlXaZH8b6h+ml9COqjlfacvxxqH6Z/REsHkZFWi7KmxCNr/g/blS51C0qxhOnWt4ynCSUlJQnutNPp/nDVSNhbCrtU9apRf9bRrUV3pKr9FNkvB+htO2YSs3K6tVKVq3mS4ylSz1S7Y9kvQ+16tnHDw+k7UqQUk4yScWmpJpNNPg011o0HtZ2b+xm7u2i/Y7flR4vmpPq+A+p9XR2Zko1MVLY6hg0KlosghAfVFmSLPmhIzwZFdKbG9aVzpVKk37ZbfyaS/NXGk+7daXxWe5OZ9nPKp6bdKq05UJpU7iCxlxzmMo591F58WuvK6N0vUqN1SjXoVI1KcuiUX4prpTXWnxRmo+sAASCABIAAAAAAABBJAAAEA5a2pcNY1Bf4v0wizqU5d2rLGs6gv8SL8aUH9pYPGsqyzKtmwPT7M7nmtZ02fbWVP5yMqf755fJ9+h3XM3VrW6qdalVfdCpGT+gUdkmO4oxqQlTnFShJOMotZTT4NNFwcxzLtX5Dy064dSmm7apmVOXTjthJ++XrWH248Gmdico9FpX1tVtqq8mS4PGXCS/JkvOvWsrrOTuUeiVLK5q21RYlCTj4dnmxhrzNGpR+YyhYg0JizNCRhLRYH30KuD9zQOUVxZ1OcoVZU5cN7DypLslF8JLvPMxkZ4VMEVvLQ9sUWlG7oPPQ50Wmn53Tk+Hymeusdoem1sJXMYPsqQnSx8aS3fWcywrsyRuX98kwdcWl7SrLepVKdSPbCcZrxTM5yLRv5QkpwlKM10SjJxa7muKNm7NNpdb2TSsrubqUqslSp1JvM6c3wgpS6Zxb4ceKbXHBMG7SSAESAAAAAAACAAQDl/a0sa1qHnnB/9mmdQHMO13+m7/wCFT+opFg8TIoZt3JRxNjGS+h9zJ3S0QOx9EulWtbasnlVKNOon2qUFLPrPtPMbMrnnNG02XZQhS+b9rf7J6c5gap258k+foLUKcfbKa3K3Dph7ifem2u6S7DaxiureNWnOlNZhOLhJdqksMDize6iD97ltoErC+r20s4jLMH2xfGL8Gj8JI2JRZERLAMllIp9+glLv8AMqkW3zF6PWiV9+sKyuZmsayjVpty3cTi3LDe4lJNywuLx0+g+Zff7o+mytnVqQorg6ko0lw6HNqK+kg7FjJNJroayu5kkQikkl0JYXoJIiQAAAAAAAQACAcxbX1+PNQ+FR/wAtRZ06cybYv6cv++j/AJaiWK8UkQypKNIjASDZKKOkdhdxv6LTh/Z1q1PuzPnP4hsE1J+DvdJ2t/RzxjWhVx2KpT3V9U/A21kxRIIyMkGqNvfJrnranfwj5dL2urhdMH0N9z4elGgMHZ2o2cLijUoVFmFSLhJeZo5I5VaJOxvK9pPppywn76L4xkvM00aivyol0ViZCikmMlpIoEC0SuC0ALI9Js/tOd1TT4dP8opyfdCSm/VFnnkz3mxezdTWLeWOFKNWtLu3HTXrqRIrpEAERIAAAAAAAIIZYggozR21/kxVq31S6hQrSUow3pU06mXGCj5UFlrgl1G9D4bm2UpNliuSbjTpQeJKcX+dTlH6T5+bj0b8fV/qdbT09Mwy0iD9yvkoujlD2PF/1kfD/wCl42cff+pf6nU70Om/cQ+REr/wCl/Z0/m4jUa62DWypq/mnPefMx4xxFxXOtYeOLznPHhldptnnWRpmnxpRaikk+OEkj7OaRmq+J1pFXXkfdzKIdugPy619KKyaR2v3ULutTqKGKtOLpuXvo5yk+5t4+EzftWyi0eX1fkXb1296EXnvT8UIOX8Fkzel5sctpvMalWHdJS/ai36z86psSXubqS+FSUvoaN6jTjIwbjhsTfXdr5h/wDsPrttjFNflV97/pNfvAaTUT9LStBublpUKFWfnUXu+mT4L0s37pezW2o4ftbfa6MW/F5PS2+hRikt947kZ1WoeTWx6pUcZ3leFKPS6dPFSp3OX5EX5/KNw8muTlpp9Pm7anGOcb8296c8e+m+L7uhdSPphpkV1v1H007ZR6Mk0ZwQkWKgAAAAAAAAAAIIaLACm6N0uAKbo3S4AhIEgCASAKNEbhkAGPcHNmQAYubHNmUAY+bG4ZABTcLJEgAAAAAAAAAAAAAAAAAAAAAAAAAAAAAAAAAAAAAAAAAAAAAAAAD/2Q==','2023-02-25','2023-04-12 17:03:39','2023-06-07 19:06:09',NULL),(5,3,'Blazer Eco-cuero','Jacket en cuero ecologico forrado al tono. Cruce central con dos botones al tono. Bolsillos con tapa en delantero','data:image/jpeg;base64,/9j/4AAQSkZJRgABAQAAAQABAAD/2wCEAAoHCBUVFRgVFRIYGBgZGRoaGhgYGRgYGBkcGBgaGRkaGRgcIS4lHB4rIRoYJjgmKy8xNTU1GiQ7QDs0Py40NTEBDAwMEA8QHhISHDEhISE0NDUxNTE0NDQ1MTQ2NDQxNDQ0NDQ0NDc0MTQ0NDE0NDE0NDQxNDQ2PTQ0NDE0NDQ0NP/AABEIARMAtwMBIgACEQEDEQH/xAAcAAAABwEBAAAAAAAAAAAAAAAAAQIDBAUGBwj/xABEEAACAQIDAwgGBwYGAgMAAAABAgADEQQSIQUxUQYiQWFxgZGhBxMyUrHBI0JicoKy0RQkY5Ki8DNDc8Lh8aPSFTSz/8QAGQEAAwEBAQAAAAAAAAAAAAAAAAECAwQF/8QAIREBAQACAgIDAQEBAAAAAAAAAAECEQMhEjEEIkFRE3H/2gAMAwEAAhEDEQA/ANyqRxUilWOqsDJVYsLFKscVYAgLOc+ls3Wki6sT5AW8y06U27Wce5abV9dWdhqE5icL3sLcSSfhMeXLXUb8GO7v+M3yQxTUMbTZjo7Gm3A5tB/VlndaDi15wHa2G9Wy5dAhsCDqWXVjfje/hOqckdurjKZViPWLzXQ6X6MwHun/AImWX2m3RZ43S1xmEwrBldlsSSy30JPEbjraS9m1sOoK0nTW1wGBJsLAb+HRK2pydt7FCm4voDZbd9tRH8HsBlbOyoG6FUCy9hsJlqNcvHx9pW0atlNpy3lwtgD0sbTf8oMalIXZt3ROSbex7Vqy5tBfQdn/ABLwm6zuWoFGkVyi2p1PbYEX8o1VVTUqKvRYA8bC587y3xlLRX4WJ77D4GU2DosPWOeLa8Dff8YY33WmU9R1T0W4kmk6XvlKsOoOD/6DxM3bLOfei6iVev7pFMjquW07vgROisJ0cV3HDzTWVRysQVkkiNlZoyR2SNskkssQVgEYpElJIKxDLAIjJBH2WCMJarHFECrFgQIaiKAgURYEQV+265p4eo43qjkdoU28554q4tmycb578WuQD5ec9E7dwxeg6D6yMPFSJwWrgcoQD2gljxzBm+ekx5LJe3X8eblFtfSoqkXVEzHrYnnXPjE4Gt6p3dHKMmocb+jQjpBItbrj20xnXPbVXKt90nMPj5yJUVUp3a5Lob2sbFySpt1BSe1hM8dWRpnuWuibF9IgKA1k1vZWFkzj3gpYjfcWDG1ovavLlip9XSe27NlLAHrI0HeZy6qrhmJBdVpAoDcrlsFVlH2cxa3EEnpkdxdTrvGtukb9Zr/lL6rnnLZ7i427t2oWIdWz6GzbgCLgi2/umceu2e7XzA7t3dbomp2VsJ8cmHTDoAyLVpuzuMtldagcWW4F6rCwBOk22F5KYHZi+uxdZWq71LDQH+HS1Zj16nsjkxxnXsrcsru3UZKjUOZEcFQ6hCGFiubQXHQQwA7oxtGq1FGRk5rBrG2qt9bXp4i/GO8rdqpVC16dMorHKua2ZspJLkDQdmsGD2uldMlVMxI1G4m3SrdDDoPTpObxs+2utu3zl+u+9JvJHlQMM4JOhABPFeBG/TjOybM2nSxCB6VQMDwIuO0Tz42AS/MYOODZQ47RbXtBltyd2q2DcF+fTPtprccWRiea3ZaaY5TG9MeTiuXf67uREkTH7G5b4aq4VKri/wBSsLG/2HuQey95sFIIuJ0TLbkyxs9kERBWPERJEZGCsSwjzCNsIAwwhxTCCAS1EWBAoiwIECiLAhARYgCKi6d4+M4XyqATF1V3ZGI7swt8Z27H4paaF2NgNf0HebCcB2/XNbEu99XdiBxF8o+PlOfm15SOv40urU8YcEuSbhzkI4MLi/UdfhM5tGqD60AWtoq78qocoHgTJ1bEslRludc1+IN8wPfrK7bp+kZxudVbq5yC/mfORxz7Nua/XbqXJ8YSrs1sRVRAEzs1KyEkqLGwFjrewHACZjEbd2RSYmjgarsDcZ2CJfo+sxA/DMAjkd0WTOrwjg862O0PSNiWGXD06eGWwW6LmqWG4Z36OxRMdisU7sXqOzud7OxZj2sdTGjeC0uYyeitt9rLH4k1KdFOhVsO3ex8SfGRf2d1AYXsOo/30Sx2HQSsj0nOVwM1NjuzAi694uOrSWSYIWygXI6CNDb5b5lOtxpe5MmfGJLe0oI94kgf8nxMNqoy3y210uTbuUW85Op4Vd51YaG/1bbwBuA7JGyB3JPsILnrtuHfK8In/TL+pGDDABiNT/e7hNtyZ5eVaFkrD1lMafbUfZbp7D4iZ7D0gy0lO921PAWz+AW3jGNp4TI5XhY9l9R5SvGRFytd52ZtSliUz0agdekbmU8GXeDJRnnjZ+16uGcPScow6RuI4EfWHUdJ2jklyhGNoB7ZXWy1FG7MRcMv2SPAgjW15OgvDG2EXeEYzNkQooiHAJYEWBCAihAhgQxAIIBl+XOJy0lQEZnJy62sfePUFLzkWEZfX59Cq3CA8EF79979rTScr9qtWxNYqeaiFE6hYc4duZfEzL4NLgsPdJ7i5v37vCcWd3la9Hhx8cZD2OoqWZgVZgzB7dClOYfJh+ISk2sMxKe5SpnvCXI8Gv8AhljsrVatzq7gdgBuxMiYRPWGvXNhTDDOSdQjk0gQLagF03cJtwY/fV9dMvkZaw6/VMwixNniuTSYLD08VU9ViXbIpw7MQuHd1zj1yqwZyFyjLzRdtbi15mycIMRT/bKeEw9OtSzhEBWjQqHNTCV2Sq+VhTvWvrYsqA7iD07cbM4XkljarlEwzFgquwJVMquCULZmGUkAmx1t0QbX5J18Mp9e9Gm4yH1HrVasQ5IBCJcW0YnXQDrF5e2Nhl6WIxRx9LE1abKayoKj61nyKRWZQrm/QugsbbpZcoNojHYo4gJZQqIt9GYKurt2ktYcLdN4BU7KwIRb21Medyt7E6mx43t+l/CSXIXsEiVawVGcrcArYcW1A/NIynqqwvuIW0GCZQDznHsjhx6o1i6WREpD2nYX7zoI/s3DF2NerqdT1dQHARinV9ZjKX+on5hLkRa0WGUHFUk6FSq/dz0HflRRKqu5xL1HvlDuzdiLluB185F/EeEm0HC4jOejC37C2Zfi3lGMHRqepNNEAzsGeow9kAWCKek3LGw6pRKbHb7TpPoiqa4hfsUiB1AuJz/a+GSmQi3JA5xO8mbb0Sv9PVXjRB/lcf8AuPGRkqOp3hxJhgyDAwQ4JQTBFQooQIIjEuVR2HQrHwBMXA9MMpU9II8RaKhxLlFhSlWsm6+Sx4j1aWA77eEr8KmRghHtFkPUGuV8yJc7eYPiXDaNTIY36ct1APcJBfKXVgDclWtuNgbjvBFu/qnDndV6nH3ioKiFUe28kIpHSW1Y9wbzi6VPLgcS1rK9ajRUkaNYNWbcL6ZASPti0j7Yq8/Lf2SRYcTznP8AUB2TV7P21Qw+BCDCDE4gPVrWdfWUsPuprUqrrrZbgEcTcXvOvhn124vkZfbX8XWI2F6844+uBwWIqU8UmIpGmyKKdT6dGNi2cKSFUaXHaIrYvJHCV89XHpUplG9XTw7Z6dOjSS4pp672ajEc4lW9pmvqTMJsLlA9L1paswTWquHF/V1K+dTTug0VVazsARcU8usqtr7UrYlw9eo1R1VUBa25RYd53k9J1ml3vUYOj8tcVQWiuDwVKjTovUDPkem7uUsQWCFrLfLznbMSAALAzN0KWQDTdE8n9k5aedtCd0LFu18glTqdki4uurEk6IupPVGKeGapa4IzsCq+6ia69ZLIe7qiqaq5BJ+jU80Aau/EDpA3DvMtKlQUlzsLMRZRwA3DzJJ4kyLd3UVJqbqDteqEUU14ayhwDfvCn3Sp7wQZKr1cxJbp8pF2IuauvWw+M0RWiVCKjk7kw73vwTEkn+n4zXbPwH7vTa30jJbOfqg78o6CeMy/KWk1OouU6VlCn8RQsP8Ax/1GakY4hUw9OxfKCWO5FABJPZGGJ5V0QtVso0Gg69Jeei6pbGge9QqL503/ANkzvKCoWqHfYaC+826TLL0e1cuPw497Ov8A4nPxAkU47aYAYCYQkLLEEAggScIoQhDEohiLWJEVe2sA4ltmularWK6PndHHVmOVr8CNO2VtbFepBbMWIFk0NwWFjcnwlUKmbEluL/Ey5x6+sopUv7DMrdmbS/hMMvjy3e3Tj8mzHWmQIYtrvBN+2/8A1LrY6hq4oMoPrnQhrkc40yoRrjKVYOy6WtnuTpaQ66AVL9B/6Ms9gZUxeFxD39XTAZyLaepfLfXTTMh16JvjNRz5ZeV2dp8n0FWlcAUhXo0SzFs+Jao6HMUuBTpshqMhH1U1uWBjG0tnUHrU3pMFSpSVwoQorMKz0HKLfmKfVNUANyM2XsjbS5T16tV6iOUVnDqgC2UoUKFrg5mHqqfOPunoJEPYuLd2RHclKZcoptZM12bLpcAsSbbtTKS1uMqZKahR0WXu6ZSHBs5KW6Aah6QraimPtMNTwUj3pOq1WdgLXbRaanUXsCWYe6oIZuNwu9hNdg8JQSnkzZm6SbZndjcseLEm/fGTEDCpSJdhbLoOA6gJR4zFGqxY7ugSy5WYoPXNNLBKZK6fWYaM3XroOoSpKZVhJoW7Rqu4x3kembFUwffXyMZqDQyVyH/+0h6/kYBZcrcSWxoQf5ZAHdoD5zX7EwSiwY6tq3FzxJ4DoE5xtDEZsbVf7beTToPJnFAucx1IFuriIBlOVtMCu9hYZtIXI17Y7Cn+IB/MCvzkvluPpjKvk8+XFYU/x6XnUUfOTkcd+aAGBoi8hZ4Q4lWhQJZiAQCGJRDEKs1kY8FY+AMMSPtVrUKx4Un/ACNAPOFIfvC/fHxlzsp8wrUT05iO0G/ylbh1viR98HzjtGr6vFMejOwP8xlpQMSutunXy3/31SVgwHpuhcJla5cgkKlUerqEga5blL26CY5t2jkqEj3iR8fnGNnlRUCt7FQFG6lcZSe4m/cIAscksT6o1WVVAV2IJuVCorpcLf22Yov2lI0kvC7PWjiK1MtzKL1FLm3so7C7W0vYa26Yl/8A5FlqOzhFOjB3pUw/qKz1bIjEM+V87AKDuI13SEztVb1ZYnOxqVm+zfOAesnnH8MR1c4fHElq2WzVBZFO9KYNx+JiMx7uAkrZWMLVHfUiijNv3u3MTwJv3SorYiys9rD2VHAAWEsNhYNjRsbj1rZm+4gNh3kyiU2CwxqVQu8kxO1FysV4G3hLjk4VTHDNay+GpCj4yk2k+eq7DdnbwvEECr7J7JI5J1QlUv7qse8KbRiseiRsA+Uv91vgYAeB5zs3Fr+d5rNkYq1RBxsB230+EzOEp5WcD6rMPDSXewqt8RS++vxEYTOXJ/eCLdF/GUmyTbEYY/x6XlVWXPLh74lxw08pR7PNq1Dqq0z/AORTJpx6GeIhuYm8yWUDBE3hxhcQxCipSRiQtuPbDVz/AAn/ACGTRKrlY+XBYg/w2HjYfOAcB2dc4lbb7i3l84rbalcQ/wB/N46nzjWyNcQn3vnF7VRg+Yg85enit0PmstKx2qnrKSuOAzdVwNZT0RmXrTUDiPrDw17pZYHFWFm1GgI6CCokJwaFXMNVBDDrUn/sQFHt+wqjEEXFSmHv7zAtSPjkzHhmiMFSKUwT7dU3P3ejuiNphXrBFYmhTLML7lUkMygfiA7xHjWLBqraEiyL7q7h5QBOObMyoPZG/rm4wlIJh0djoEsBMPgEzNNfUxg9QiBTzdCejXUfOMKII37SrLa9i5ubDm6i57bSmxDgHIpvxPHrlztgGmDYWJQLf77Xt/R5SnoUAq5jEEVt8awwtVXrZfDML+V4t3F+JiKJJYtwSp/+b6+NoA9h9AD76hu/UH8ssuTZvWpnfZ1PnKbNzU1/y/hUcS75LaVaZ+2vxhCp/lk37zV+98pUYU/SUjwdPziW/LQ/vVQcGlLhvbp/fT8wiqo9EvviIupvjcyWOCCCMLyGIQhiUkoSj5cPlwGIP2B5uol4JlfSfXybOq/aamv9YJ8lMA4RScqwYbwb375oNs3rIrqNctyOu5LW77zP0zpbvlrhqzZcoOo1T8IFx33HhLqTTtzEI3sov2jmn4RvC4i5CsASDoDuYH2kPb8ZI2gc1JXAsVOoHX/0PGVyc5lO65APjvgC1UO+RFKqAGqEXPG1z3/DhE4lwzWXcNPCXI5PlMO1ZquRw7DIbhmIJ9jj0br7zutrU4fBta9j1jh1QCXgKypvE0OF5SUkQo1DOD3G8reTmEpVHenVOU71MfxWz1WutCjznLAZjuBNoBB2pUZzndbC4yr0kAGw8zKjE1C3tc0cJa8osUquUQ3ykoDxCAJm78pPfM0zkwB3Oo3Rn1n+IR0IQPxMqnyYw0oFo5WpKqPb3VHbd1P+0QBqkLohPQzr3WRlHiXPeZf8mB+8Uhvu69u8SmpWNFLDVWJPXpr5Wl5yMW+KRuhczfyqW+UIVMcp62fE1W+23kxlfg/8Wn/qU/zrBjnzOx4sT4mHgP8AGo/6tP8AOsVVHoapviIt98RMljEKCCML0RQhCGJSShOd+mjEFcLRQfXrXPYiN82E6IJyn021+dhU6qznxpqPnHPZVzNV3SVhLki3QSPEL+khK5Blxs6mPVgjeXJ7iSo/I0qkkYsBVUHc5Kn8Q0PcQPCRMDs45Gd9LK3iBJuMo52ROvMT9kf35wbbxAVBTXpsT2XsB374jaLAbcWuURwAAi3HEnVjKV6fq8UUPsuSBM6ajIykHoEssbtIOuGf66Mcx4jOGEZLHGIqO1l1AteO8nTkNbFvupoxBPS7CyAdf6RW10zVnUbiwseoiO8qGShhaeGT2qhzv36C8Aw2OqksBvIUX7bXPmTE0qJMUUzOT1mWNNAqkmARguUSLWN0qdtMeTk/KO1akih7p9528kT9YArBN9Go+235U/WabkkmRqz9CUah/mGVfzCZbDf4ajpLv5Kn6zV4J/V4Oq/TUK0x3EPfwBHhAM1WOsk7IW+Jw4416Q8aiyK8suTFPNjMKP41M/ysG+UmnHeWiYbQpmsBBAIIwvoYhCKEpIxOWemnCknC1OgCqh7zTYfAzqYmQ9KGC9ZgutHBHgQfKOFXCytpf7OCqnOsNVAHTogY9+Z3lZszDescA6i+7++6WuHq5qRcMefUqMLcGZmGh3aMJVKCr4tbswOl8um8C1vPKD3ytdy75j9ZwB2AE2+ENktTzsdBdrWF2sCd/d5xtGsyDhr/AEiADbmz2plGbVWVGGtuaVB7ukX6pX0Huq3MtNoYo1KdJX19WgQX4Akj4ytUQDb7FqIyO7sAR6tRfruL91pD2sUd3dqqszNTVACCAgdSTfoFvKDCYes+GYUwjXyC2ucc9AHHZfXqvI21HzMVKqrDRhzzYjS2rwCtwVNbu2YEBrb+Ivfs/WMYp9SA2l4+9OwsoUdXP8faMhV0PujxP6QCJiOAjNTQL99/ypF1KZ4W7/8AiRatwf7O+AiwooLUwOnMx7Wcp8EHjNhtTC5MFTuN7Fgf1mWwiXamvuooP4y1T4OJsOVtRUpUaYvfJcg9F4BiKku+Q6Zsfhh9tj/LTdvlKOrNL6N6ebH0z7qVG/oK/wC6TkqOztChtEzNRQhQCCML4RQhCKEpAxMzy8qWo0wToahzfdFKpf8AXummEwXpXxWSigvqRUt2nIL+GYd8A5ds5wlCo/TkfL2hSR5gSZgKIFBRwL/0goL9fNlSHvhmT3mRB2u4PwVoqhiMqMVNiXexGlxnMulCtrMCrKDotM27lF5EpHnX4AfCWQwaPTLuNd/C9twNpXYbW564A2xvpwiLWi30YwjANbserkwzOPaZ6ajsDhj+WVW1EPram8/SPr+I2lxsCgHw4XXSop03i2t5UbdDo75Hzi/1lAP9OnlGEF72kdxAld2IFlHjBXzL0L3E/pEDFUaSrxO+T62IIGq+f/EipQLMl9A75esaqD+aFEaHZGELYgqozZLKbfw1Cn8sseVDB6mYNcZQLcLDdE8n0zJXrKbMz2W323ZvhDx2ErEENTOovm6bRhmazC81voqS+NY+7Qc+L01+cx9Yc49U3nojp/TYh+FNB/M5P+yZ5KjqDQobRMhRQghCCMNAIoRIipSBice9L+MJxK076Ii6dZLN8CJ2ETgfpIqF9pV+mxRR1ZaSD43jgZumdEHR+0UvLPf4wbHXMgB3D5mHW5iU+2q/8qEKPFW8Y5yZAIN+rylFFptepkpKvSx8gP8AkSsww5sXtetne3QNBDRbCARK3tGIgqnnGJU6wDX8mKuVWF9Ct+9ZVbVe9Qk7jJWwH+Nu4i0ibcPPJH/UYVbplN+Bgr/GGz3EZd4gi4ldDFYI2aj9nPVPWEu1u/1fnG8S+kdwinKWt/lFR+OsUPflLwodB9HdBWw7K2uWoG/pt/fbFcrdoercqp1yW7ARa0h8g8UUcoN7qbX94DSU/KGoS7Fjckny0gGcqHUzpPohp/8A2m/0k8M7H4ic0JvOseialbC1X96ubdioo+JMjL0uNw0TAYUgyhBCEEYaIRUSIoSkDE89ct3/AH/FN/FceHNt5T0Ks82cqq+fF1z/ABah/raOFUPaS5UQ/wABiOrPUI+FQiN8n6mVT1mSuU4C8wf5dJaZ7VanfzBlVsp7A68ZVETwbvfrkio1hGKAsImtU64wZcaw6e+Kq9HYPgIlREF5sdiDcf3aDbRDO2lgbEeEY2ZVyssmbaF2DdgjDOubQn3Xh4w2Mil7i0QRsQ95Y7PN6Y+8inxrtb8sra+/SWWAX6JdNS9Q+C0wPi3nANJydok1kZNym57JU8pnvWcDdc2+c0XJrmIbe2QbTJbWPPPG5hSiDO0ejellwFM29tqj+LsoPgonFSZ3zktRyYLDLa30KEjrZAx8zM60izMKAmFJMoQRIMEYaMRYjYMWJaCwZ57r7AxT4nO2EqhGqlmJU7s5ZtBrxnf8QxCMV9oKSO22kx21to+qagB9epTS332Ck37DM8s7j6bcXF57cY2/gcQCzPh6qZmz3ZGAtZmY3toBv7uqV+zE0uekzvWO2suHxlJ6ptSKMjMQTlNT2DYDddMv45xzbzj9qxRAsGxFZl0tzWquym3CxErHLyLPj8f+I1VxukcwiIFBmjE6xvbq/SEsNhbfwHwECxhMwx50s8e2ZFOa+nhKvCb5Y4i2QQDP45ZDy275Pxo0Eh1Bu7flAGGTm3mi2VhVZFXXOFQD8Tlz5VB4TNs+nYTNZyc5uIoqfeVT3AL8RALLD7OqJVyq2axtp2zJ7Zb6V/vH4zoO16rIGbJYHVTuOo4jtnNMS92J64qIZIJ0G86Dv0no+nTyIqe6oX+UATz9sSnnxNBLe1Wpjxdb+U9COZnkuGyYV4CYm8kyrwQhBGGkUxYMZUxwGWg4pnNOWVMB8M1yMmIS4vYHK2lx2gTpIMptrbCWqGIAbNclG3EnflPR3zLlxtnTo+Pnjhl9v1k+U2cmnkpU6wcgOtQfVXnZkIZWDDX2TfqnLuUuItiq5XRVJUKdRdLIND1gzr9PZTCpRNZHYU7ojBWzLnsCzXuGsNL77X39PGeVyhMTiVF7ftNcC+8harWv5RcXtfycpqSVF/bgoUtTBuL6Er+sl/8AylFT/htewNubbUA779cqsaLBeyMYr2vwp+RZ0ONoKtdHIKgrbSzW14AG++E9PXh2iVuJH0Z7RBszFOLgMSunNPOXwO7uhsLjDGzSzrpzAZQUNpKz5TTykE85Tpvtqp6O+W9TauHamlnu53qNPjDYVmMkE75Mr4tD0j4yOtF3YKo5zLmFyBdSLgwCIlEFlHFlHiwE7LjuRdLD16D4eoyl6lsjkut8rOSH9oez03nIcThnospaxtlawvb3rXnetsV8zYRgRc1kt1gq2b+nMe6Y8mVx1p0cOEy3tkuU3J/HlQBSVxu+jdWsOxwp8AZz/GbDxNMkPhaynU+wxHiBad9x1YitRpgXDs2bqVabNfxCj8UqOUmLSmK1R2AVEpi51sHfnWHSTlA75M5cv4q8OP8AXKeRuy6v7dhy9Coqhy2ZkZV5iORqRbeJ2hjK/YO1FxGHSslwr59GtmFnYEG3TpJrmXbtjrQiYm8ImC8AWDBEgwQDQKY6pkdWiw0tmkAxQMYDRYaBngZ5m5Q4SriMdifVUqlS2IrEhEdyL1XAuFBtunpUNKfk7ydo4I1jSZ2NdzUcuyk3N7AWUc0Zm4nXfAPO2OwD5wjU2RgAWV1ZGUcSrAESHtGnzxbpt8hPRPLvYIxWHJQKKyewx00bRkLdCnQ9oBnHDyLx1SoijDMtiLs5UINelgTfuvH5T9Exv4oMetkYcGt4GR9mDU93zkjaZuG63PxMZ2b09sP0EYb2nbgG+Z+UZwg56x5TZHPFreY/WIwY5/ZAHSvOMn4erlrUz/CUeF/0kMDfBWqWam3BbeZjKJ3KCoCFI3WI/SbvkbtOvj8Rh6jrko4VNTqRUqFGTNew1sSba2t1znGNOZewzS7O9IdalSSiKFMKqBbrdWIAtfpAPdM+SW+o24bJe7p1tKxfFBvq06bAn7VRlsB2BD/MJy30jcpGarVwqZchKl23litmCg7gAbd8rNqcusRVp+ppqtFDfNlJLNffdjrr1a9cyltZGGFndXy8svWLrHonxubD1KROtOpmA4K6/wDsreM3Dmcm9FmIZcUygEq9Mg2BIBUhlJPRpmGvGdWcyrO2MFeHeJvADAy7wRN4JRLxY4IIJSCxFCCCIFCKEEEDJxHsN90/CVVHdBBM823F+vOmKGhH2j84paYW1ha4v5wQTZihN/hfjPyicL7Z74cEIR9dx7IjFeyvYfiYIIxBH2D3SJBBFRCqO+TtlUFfEU0YXViARci4J4jWCCTVO+YXA06NMJSpqijoUWHaeJ6zrA0OCQo3FCCCBDggglB//9k=','2023-04-02','2023-04-12 17:04:35','2023-06-07 19:08:12',NULL),(6,3,'Jean Iconic','Jean 5 bolsillos calce relax (tiro medio relajado y pierna recta larga), en color gris gastado con roturas sobre el ruedo.','data:image/jpeg;base64,/9j/4AAQSkZJRgABAQAAAQABAAD/2wCEAAoHCBISERERERISEhIRGRgSEhgREhIREhESGBgaGhgYGBgcJC4lHCEsHxgZJzgmKy8xNTU1GiQ7QDs0Py40NjEBDAwMEA8QGBIRGDEhISE0NDQ0NDQ0NDQ0NDQ0MTQ0NDQ0NDQ0NDQ0NDE0NDQxNDQ0NDQxNDQxMTQ0NDE0NDQ0NP/AABEIARMAtwMBIgACEQEDEQH/xAAcAAABBQEBAQAAAAAAAAAAAAACAAEDBAUGBwj/xAA6EAACAgEDAgMGBAQFBAMAAAABAgARAwQSITFBBVFhBhMicYGRMqGxwQdC8PEUI1KS4WJygtEkorL/xAAYAQEBAQEBAAAAAAAAAAAAAAAAAQIDBP/EAB0RAQEAAwADAQEAAAAAAAAAAAABAhExAyFBElH/2gAMAwEAAhEDEQA/APSVWGFjhYYEoALPIv4x+GBNRp9UoP8AnI2PIeo3462/K1b/AOs9iqcv/ETwU6zw/IEXdkwf5+MDqSgO5R80LD51LjdVK+enFeX16XPp32e166rSabUKu0ZUVtvHwmqI49QZ8yuPKz8q/Wex/wAHPFC2j1OBnLNp3DY1JBCY8gNV3reHJ+frNZ82Y/x3GuQPkFDnGCL9TRI/ISXClCHhwcep5PqZMMc8eXu7euepoKCI9ZNsoSmNUnvBjLrvYEhbG4gdTUh0WeZ7N1uaOZDt56964FyicfWStRh6kksa6TzD+K3i4z6/3CrSaJf8ODZJZhy5roOePp9vW9XgocT5z1ilcuRSSSrMCTySQTZJnTw/XPzcgvD9K2bLiwpy+V1xr/3OwUfrPqDQaJMGHHgQUmJFRfkoq545/B3wI5tW2rcf5ekHw30bM4IX7LuPzKz24id64RA6yJllhxImEyqArAKywRBIgQFYO2TlYJWBDtiku2PKNICGBGAhgSskBHAiAhASD539ufARodbkwpu909ZcRbrsa7W+9MGHyAnbfw50oxeH+/VEGozOwUuGU5EDKFUlbaup6Vz9ZsfxY8COo0Y1GNScmkJcgCy2BuH/ANtBvkrRvZnTZG0Ph6sqrjGFN1imYkC1LdUBHej36cXu3ePtOV0S+Le7xe81WM46bb8BOZWvoV2iz8gLl/Ra/FmXfjyK69DXVT5MDyD6GctnwDBvdMmVES2ZB/mKg+S0y8X1Ehw63H/htVlZceS03FF+NHyUdu5W/C5odgehmLhPjczv13dgiV00qB99DdVX3qc74ZjyabTvjK5Dke8iW75CGYWeWAC0eauutV0mZ4v7Urp9RpcTs16iuNjfCKG43wOtgAX2mL42pm7fMAZTZOZxeX2h1h95sZdittxscWS8l/hC7j1pXvirA+m1i1rqzozZMjUrJuxoGUMpALsoCj4g3PHC9JL4q1PLIua8gDtPnTxbTs+u1GNEJd87qi1TEs5Cij52PvPcc2HIgTe+TM9qfhyECx1AVeK47+vylT2S9jB/jtR4lqV5Lk6VCQQOAGynzN2B5UT5VccfzWc8v1I6T2Q8BXw/R4tMCGcW2Vh/PlbliPQcAeiibBElIgETTKFxImEmeRtAiMaoRigCRGqFGqAJEUKo8DQAjgRCEBKycCEBGAhgQqPUMFRySAADyaoTj28ebCmMviOVWLIPcqm1SrEItCzyKHAHI9Z0HtIHOBkTdeSx8BUPQF/Du4v5+U5tVybU248ibG3UxwsC266NtyD0mozU2DxbDq3r3fu2spbAq44BIBHTt18pk63wV8YyKmXdp3K5CjIrOtEFShsUu3iiCPsQXbRvkZ8lDGrEvVk5GJN0x6DjsL+s3CC6gnqtA3zddQfQy8DazV5ceM5MdNjC03LB8fk1XtZQCOKHAM53xvXM64z+PU6dVdMg0+J23/Dbhzygax0H3nT463KSOCQDXkZTz6RBptWdoZPdttC37ylQEbV/l5HFDtA5fV4NRl0qoWZWrhXGMLRQAq67PLdXqxPrNfwnUajJkLY02YxjGFgzAFjZZH2la6N2I61dipJ4Mh9zjLK+4olbySyjYB1IHNDyk3iubIAu3dsVg+5CVKN0tvNSDR+Q47xRTXwfN74vqtQb3dF3BW7H4TwL9B+U7XwdFXAmNTfu7X8yQfsZyA8X1DD4cXvMX/W4b16rdWOl1N32b1iFsmLbkRyBkCv8Q29wG70TMZNRuNAaG0jaRUbyJpI0jMADFHjVAUUVRQFFHigaAEMCMBDAlZOBHAiAhAQrO8Xetvfj9TMlWuz5cfeW/E8obK+O+QBxdHp/eU2xccABvQzUZGcfbijzxwa84SIvl1HNflAogUwaj/MOaHpcILYBvmq8rB/SUVNSRjAcXQNkfLmDq9bgXTMrMtnYuQbwGCtkVWU88cXJPEkJxv1O0du9f2mJrvDkYNk28OEpiVIfe7AbR1B+MH7xrZt0ehzIcWLarUUSuSxHwjiz1+csp5bNvzuLRaY48eJb/CqA3ybCgSy2Pn8X2rpIMzUaFK3e7x8/ipATffrKvgun93q1bY2NXR1AdnJYlkKMtsVA2owoURYmq+ADkM59PWZefO2PIj0wQNyG6A/6h5Hsa85KsdK0iaS2CARyDyD5gyJplpG0jIkhgGANRVCjQGqNUKPUAaihgRoGiBCAjCEBKycQhBEMSK5XVrWtdj32rz0PB6f15RGwe3B56dLljxTjOfUir6cAQMhvkd/ICbZVdTlygf5aY8nPQu2OhXHxbTID4o6X7zBmxgUCybc6cf8AaS33US+CBRon8gf65iagTXTuBx1/owKmDxbT5eMeTG/+pQy7gfIr1Eg8P0emwP70uchBLXlKjY25q7AdLA9PyoeNeC4s6szKFboGVQrD695zHgmlytkfS5Mhc43Vlt2O7E24AH5FT9DCu8b2v0ZYr/iEZhxtxg5G9eFv+hLbeM2Bt0+pYHofdgA/S7/KPptPjx8Y0RexKqnX1PWTstiwV+qkfnUIiw6pGBLY3Qd99j95FqFRhZONlHKgsw5+sk2UDahue3I+0qarQpk+PJkYog4QDYAfM7eSfykqug0lHFjKmxsWvsI7iVPZ9gcHApQzKtkk7R8/W5dyTLSFoBhtI4CiihQGqOBHiAgICPCAigXRCEYRxKyeEIMISK5/xjjN0u+flwshBsf1xUtePimDd6FXxfUH9pTRqvrxzxzNTjItvPHQfWj9YG0EEsTZ+QJ78SRXBqup5NyNuL9KrjvKKmvb/Lycci2B6VOX9mNOx8Ry5WWkfAEVj3dHUsPnTp9xOnzuHRh2INfLtJ/ZjRL/AIQvQJGV2s/6aRG//A/2wqyMQFmupvqRJNg20NwvyPSoRQjjyNH6SM7gLJFDvX6whh0rv8vvcj1CiiQeexu/ylhyOq9x8u3/ADKTNa8/O+nEg1PAmHumA4p2seV0ZcyTN9nHtcw/0sB8+Jp5JltXaRyRoMBCPEI8BRxGEIQCAijqI0C4I4jRxKhxCEEQhIMf2hQ7cbBFyfFtIdlUKCR8VnuPKZqXQuv3A7Tc8axbsDfAuQqQwVjtVjdcnt1v6TGHF8UO9czUQarQofTz6f2gZuRRrnk9/wCukJVJF306jr5RnphVdPPtcqMvVPtB9eB9puexoB0hQ8gPkU/U3+hnPayy/T4F+gPnN72KJ9xkB6nIWryBVf8A1JeKPKlFrIuz/b8pCmTmvTjnv0l3xFdrk115+QP/ADcoOgodiCR6SoNmr9R1lPNzfFXwD+slNjdfbzNff0gs1rVV2639RAvez2IomS6+JgeL8qmlklTwjHtR6Ngn9r/eWnM51pA0GE0GVTiOIwjiA8IQYQgSKIo6xQixHjR5UOIQgiEIEGvxB8ORGBYMrAgGieOgM5xOBVEA0OTZ/rpOsnJNjZQQ20lDVJwAu4gcedVLCjwvxRPJ4+kfKaHmTx2iSz+/pULKwJsH+/pKipkWhZ5vsZoey+T4861QpGH1Lg/oJRy0aF+X9flJPZ5q1bD/AFYzf/iwr9ZLxY3PE0vafQ3612P3/KZN9VPJH7Td14+C/I8/KY2YG7qq8/0iJVZ33WeSR6A8QGcjig1VXHeWCor4WpgAeR+/ftKzudpD2DyD8+g/SUXPAsrk51b8IZWT6ij8ugP1mm5mb4I1nL1/lPPrc0XnOtImgmEYJlUhCEAQhAIQ1gCGsIkEUQigWYohHlQoQiiEAhOb12PGmoccBsvx0WX4uACQvX6zpBMT2ixYwEzOBanZu2F2G7oBXI5JiFZr4zZ5oHyPp2hqlCgST2B6gwHbkDy45hob4rk/meZpEK4HLWR9boSt4Xq78WCKfgVGRv8Aqcru4+0LxXxAYMTtxu52+puhOf8AYjBk/wAXizuB8ZJBBNsWDAs3qdwkqx6jrBeN/lf25/aYhqr544PqTySPvOgdbBHmCPvMBWptpPYUtcAn17yQqFz3/DXfp5yk5JBJ5I6cdPp/XWXsrrRuhXrKT6hARSljVWLNEdppEvhGvRMrYnOxste73cBmW+AfOv0m485VWDMSRQ7ArdHt1m/oNScim+o7+YmLFiZoJhNAMNGhCDHEAxJFkYhrCJRFEsUCzHjRSoOMI0KA4kOuQtjcDrViutjmSiEDIOR07b2UupUnswIN/I8y0zUD58/TtK+bFs1DpuYm9wGzaqI34QGA56H15kfiupGPG5scg/S+s2jlfG3OoyjGpO0EE/tN3wrRe5yYWC0u9Bu3WXZyAbXtQX85W8D0hC+8cWz2fUDt8poBVOXGQDutFB3VQL4+Cvfn7Qrt5zmsG17s1ZU0eOGNV6+c6Oc9rAHbKtFfdv8ARifisf7pmCPIoJ4rmQtiHA6EcH0hq97eORd8d+YWRTwf1/KaRRfHXHUny7S14cmxwgPFHdzzZv8AcSN1I5PUd+vyjabKuN8e9viY7QAOOSO/aSjYeRmSPIzObZoQgxxNCQQ1gCEsImWKJYoFiK4IMVyoK49wbj3AIGEDIwYQMgyvHMT7sbpt2iw93fAtdvaYniGn94+NTexfib58Vf5zqvEMAyY2Ujd3A6Wy8j9JzWYn1UmuO49OO/M1EpBgqHb0A7cc9JF4XiOTU4yegbd5/h+L9VhkcXXX9+JN7Ocagr1+BiPTkf8AuWkdZcwvEMgTUUzcMAwWh/23d31A4A7TbJmV4yhpWBr+X8BcseqgVyOe8xOrWdlQA31u69D/AF+kNSCNpP3PlUEsCtdrrg/YwUFG2PI7+Y/oCbRIyg8H+jKJYBxeMuVIIIAOzqST5CW2B/EKPlK+qwbxQOQbgD/llQ5o3ttqHNVzINl5GYY5APoIxE5tgjiPUepoOISwRCEImWKMpigSiK4wjyhXHuNHkDgwwYAhCAamcrke3ZuxJI9J0ery7Mbt5A18zwP1nNow47/y8+U1GaN+np+soeC69E1+xmA3KUHozEEX8yAPrL6cjyP1r+uJlYvB1L5MuU0zPagHoqn4eR0PH6RSO+JlfWIWRgtBgLXcCQCPMDrI/D9UMiWDZQ7W6Xx0PHmJZJmWnLq4KWpBCnaCvAO00DXaxRqTIw6cC/18pJqcKozIFCLe5egDE8sQPqPrKifCzKQKsgTbI1zbT1A9DXSHqArKOhNevIlTWI3Cm652v5eQYeXrIFfJj4YCjza8jt3jQ6Dw4hsSbei2vBJoqSCLPPaTssh8L5x9q3Gq+Qlkic60hKx6hERqlU1RwI4EMCAhGhVFCJBCEYRxKFHij1IFUcRo4gZ3jedVQKf5jddyB/f8pge+bjZjc9xwB+RnReLafcgccMnf/pPUfpMVWFWNz7T/ACAtXpx3quJuM1XbVZjZXT32N5FWvyMgGqz/AM2kJo/yZcbgj6kSXN4rix8vjzJ5lsbopvyZhR+8DU69m+NE1RxkUq4lwDd6l3JP2qUafguq25FBT3fvLUqSt2AWDfDwelfWb7GcV4JnIyK402ZXshn1TrkyNfAVaYhev8oHA59exZ5jJYq69L2N5WKrrdd+1EX9JRzYrbceLHPzHF/aa7LuBHmKlMoCtd7Pfv3/ADESlUb7da/OhE+IFr6DnpzfkJIyD7dK8oyHgA8f8TSJtBqVQBG4s3d8Wf7TQM5zXZ1BqwAOvzmxoMu7Epu6+H7dPyqYsWLBjXGJiENDWSAQUWGBCGij1FAcQhBEcGVBR4McQCijR4VHqcC5EfG97XBU7WKsAe4I5BmPm8Fw48SIqhlHwqMnxIifiJC9LJ6k88mbtzC9svE00ukfK7KDyiK24h3IPG1eTwCePKIlFofd7iRkuhR3c2D6eXEq+IaTTKGON3xMQT/8d0foOyMe3X4RPAX8ay78j2r7394d62xc3yFBpevzE3vZP2nfA2VsmNcqbGdFfaHR1HDY3ILWR8NX3vtzvSPW/Bci5H3A7hju227bYEgcdj1+02t9zlfYPxNdRpcjqnu6yupXech5VW5Y9fxeU6VDZnPLrUXsJlPOu3Iy9Aw3rXqab87/ANwlzTpMjxjxLHics7jGUO0l/hUIR/qPFdD17S4pUuQdrP3lPNjyNwCFHNHr8v1kae0GjatmVchb8OwM4NWeCBz0Ml0+tVzaJkrtuxtj4/8AOppFUeEIPiO52vks3bsAO3ymtoMQx49ouiSRczs2vyb9qaTI98AnJp0Xd6W/7SyMus+AHBiSyL35CSF70FFH7+UzVjRENFjCSoJFEBHqOI8ASIojFKgRCEEQpQ4EcCNHEgKKKKA087/iL43tBTEEybLxurH8OTqf2HzB8p6ExrnyngWt1oyZHdwLd2Y7xyC7mh9zU1jNpbpleKeHYkxY8wZMmTJZfGqMvu/rJtMca6PK4xgMy7Md/ETkPHF+Qs3/AO5PqUWqPQGuoABNUJRzfCdo6dObJUd68p0sSV6R/C3w3Pj0+Q5V2DO4yIh4ZV21bDsTxx5AT0jFpwBMr2UVm0mnyOu13RHa+DZUf3m1c41pIJhe1OvwYVx+/IUZWKAt+HgXyTwB6mhz1m1unmP8VtXuzafCOmNGdvK3av0T85rGbqW+nT6ZMake7bEMf4lCY/iYEEGmHX8QoD/iXUVGorRJ78Oq80TY44/aeI6fM+P4sWTJhPf3eRlU3/qXo31BkubxHV5A3vtTkzqeBvcgA+RUcflN3GpLHeeL+0ePBubBv1WTaxYJk/yMZPwndm6Ha4NbfI9DMn2d9vGza7FiyZk91mJ5ZGx7XI+BA7fi546LfH14VtXkVW07kpjdvjH8v9Hv51IMCYi1OLTvyQa9JmxY+kElpBOC8B9uNKRjxZcgQgKiuxY7qFDeT39Z3yHjrd8znrTQtsEiGTAJlQJiiJigMDHBggxwZUHHEERxIoohEIoCInOeM+x+k1TjJlxkMCGJxu2PcQb+IKaPPfrOkigcNrP4c6fI+/3uXGm9cmxBi2ArVcspbt3MseG/w/0eJxkf3mdgdyjKyBB5WqBQ31udjUaXdTRgI8eKRQmc97Rey+DWHe5bHlC7A6c/D5FTwZ0cErLLoeSeJfw/1i2uJseQN8IdW92yWerA9h6En0lLxz2Zfw9cLPlXN7y0YhChLAWfhs8es9mqZHtF4Jj1mH3bfC6Hfjer2P06dwRwfv2mpld+2dPFNXoXYWqjIvbs3yBH6SPS4xjIY472m6cK6keRnUeJ+zOrwja2E5ALLPiNoFAJLeY5oUQDMPGH3sgXJuCDI55pEJobvK+SL8jOk0l2peLF9RkD+7x40HRcS7VE9Z/h97Q/4jC2ncBcmlCJw27djYMFv1Gw39J5JqcwYoAyncC1hhwKscD5ztf4Z+HZRmfMCdjqEI2NXDWG3H6ivWZy1ox29XuCYhBJnJsxijExQGBjgwBCEqDBjgwBCEArj3BiuFGIiajAxXAeK43HSIyAo0a4oDxRRGArjXFFUBjIM2mxuGV0Vg3DBlBDD1HeWI0ooYfCNOh3JgxIaq1xoprysCW1QKKAAHpxJIxhDXBJjmCxhTExQSYoQwhCKKUFHEUUgeKKKA8QiigOYoooCEeKKAhEYooDRoooCjRRQHjRRQGMBoooEZiiilH/2Q==','2023-03-17','2023-04-12 17:06:13','2023-06-07 19:08:12',NULL),(7,4,'Top Pink','Top tipo corset de algodón con lycra. Recortes en delantero. Escote cuadrado con terminacion de collareta al tono de la base','data:image/jpeg;base64,/9j/4AAQSkZJRgABAQAAAQABAAD/2wCEAAoHCBYVFRgVFRUYGBgaGBgYGBwYGhgYGBgYGBkaGhgYGhgcIS4lHB4rIRgYJjgmKy8xNTU1GiQ7QDs0Py40NTEBDAwMEA8QHxISHDQrJCs0NDQ0NDQ0NDQ0NDQxNDQ0NDQ0NDQ0NDQ0NDQ0NDQ0NDQ0NDQ0NDQ0NDQ0NDQ0NDQ0NP/AABEIARMAtwMBIgACEQEDEQH/xAAcAAAABwEBAAAAAAAAAAAAAAAAAQIDBAUGBwj/xABAEAACAQIDBAcFBQcEAgMAAAABAgADEQQSIQUxQVEGImFxgZGhEzJCscFSYpLR8AcjcoKissIUM2PhJPEVc+L/xAAZAQACAwEAAAAAAAAAAAAAAAAABAECAwX/xAArEQACAgIBAgYCAgIDAAAAAAAAAQIRAyExBBIiMkFRYXEToTORUsEFFSP/2gAMAwEAAhEDEQA/AOiqscVYarHFWSSEFlPtHAAsxXQnK/e6gAH8Isezuly5t9JWbaxIo02YatY25ljp8yB4iZ5Gq2Xx3ejhfSnBFarMB8bi38LEGK2Di8tek44VEB/hLAX8vrLDbYzNa5sosDzOtz4m58ZVLROUsAASjNcabmyj84rGXdHZ0XGmd5VI5TWRthYwV6FKsPjRG7iQMw7wbjwllkg1TMlLQnUyNtI+zXPkLkLoq2uzchfTXtk9BaLYg793bJ5RS6ZTnaVqYaoppmxJVspI8VJB8DMNtLaC1g7qrh1YCkCLM5v7yqOtlBtqbTo2JVLi9sut/pKvDJSHuZQb62tcyrNI8XRIwhLU1ZhZsozDttIWMWwlopsJVbTfSBMWc66aVNEQm12YnuVdf7piVbNVJtx+XCaHp9iL10QfClz3udx8FHnM9g6R1bkrHxsZrFVGyrbbo237NOkK0a5oVDZKhsCdMrjRfA7vKdoGonDamwPb4VMTR1emAKqj4k4OO1dQe7s16P0I22alNadU3cDqsfjA0/EN0vGSWjHLC9o1DLEMsfIiGE2FiOyxthJDCNMIEkdhBHGEEAJqiOQhFAcYEDb9m+ZLpdi9yA6nQntNxfwF/MzWYl8qk9hnONtOGqs7HqrcL2m1mNuVrj+aK9RKlQ100blZkdrHrZFBN1a3YANL27vWI9n+6IHJEvzuVaS9n45Di1Di65HuNPetnt26La8PD07Uwp33Ru+3VAHlfxmNdsUOJ9zZd/sq6QBc2CqMAQS1G/xA6ug7QbsOd25TqInmA4hlqB1JVlsykaEMuoIPhO/dDtsvicKlVwMxzK5G7MjFb24XsD4zaS9RUvquYiymx5nW3hM7jqFcN1qxtfTKihbeNz6iadVgOFDaEylFozUXbMVicJVII9stueU/n3SqxmCbMAtZy2mihQB4EGbzF7CU7ncd2X6iN0NkInNjzNvoJVppjC6iLjojbKolKQR3Z2AuS1r68NAJWbWxKoruxsiAknkBLjE1lRTOQ/tC2w1UrSQnJmJNvjYWtfsF9BxOvAS0V3OjBypORTANi6tWqQbs117BYZVv2KB5STSw2VGPDT11Pl1hHuheK1qUjuOWoAdLMt1Zeeqtu7JYdIECJUyjeUYfzZh9N0MjalRfFuNkroPt0Unyu1kZsp5KXvYleVwb9glrtFBg8WuW4QkMADoEY5SO21yB3CYDBa5gNcyjTtFredreJmhp7RfEJTR2zGlmRG+IqbEBu6xF+NvEkuAUd/Z2rCVcyjW+nmP18o4wkHY4sgtuA07uHy9ZZMI1B2jnzVMjsI0wj7CNsJYgYYQothDkgS7Q3O6+7UnwEMCN1zut/wBb/lx8JDBETGnS503G3YDoPz8Jzjaie1Zkvl0Y9htdivjb1nTMQl79g38yNfznK9pIyVSo94McovqcrE+tvQc4nnW0O9NwzF4qm6VWLAgoxLDjpvLHz85eUGLEHhcX9DHOkKq65ltnVQrkD3x8Dd+UoTI2xsaEzU2TN7RAFawJRlYNx3A9YE9glW+5DHlMf7NmYIoJYkKAN5JuAAPH1nbf2VBlwrU2y3Wq4OUqwGZUaxKkgnrH/wBWnI8CgXFoGuLVVGihjo1vdJGa50tebnC7afZtUqEpvQqFii0yQQEbILswzFgABdr3tpu0ZataEW6ezrJpFdV8uHhAuLA97q98pNkdNMJWA/fKjH4anUI8T1T5y7Wsj7mVh2EN8pm4tEqSY4cQDxErdpbTRBqwHqfARzGYJLX0HpMRt/F0Kdw1ZB2BgzfhW5lWpPhGkexEbbe2i91Gi+p7+zsnN+kOJDMq8jc/KXG0Nte0Ps8NSd3bQEqWYn7iLcnS5+kzuz62WqHe5sSSbZjmynKctxchrHwmkMbj4mVyZIyXbEudi0suJDLe7U84zcTY3PddTL7H/vqDm18ti3PKpBuOZsSbSBRwmVVr5chZCuUcFZ2sNdxsdw0AyiKNFmw7gXIIJyg6nLw07LDxmOR3NDGJVAzdRiCoXUndbffh+c1PR/C5qqqvu6F7agses9uYFrTHozKwsDfXhwJ39mk6F0P29Rw6MgpNUewzONRe98oBsLak3J3zSUeEVi9Nrn2Oq7JpkIA3vBiPAaj0I9ZYsszuyeklN/eVlv8AEbH8Q3gy+OKXt8jGF4VsUy4pxl4kEwjbCLSqraA68tx8oTLCzJqhhhBFsIUkCVaJdb7+YjoEPLBgRymhHh2zl/S2g1LEl917PfnpZx2+7fxnVWT9fUTNdL9k+2phwOunW01zJbrAeBmGaNq/YY6efbLfqc4SmjtXBPVWg7g+KhfVz5ykwBJqKbWIcW5AGwC+lvGSa+IZS9Nfjsjfwq4fyuq+RjuycGzOoC3Y9but7l+8n0ivCOhXqUmLwb1MYiUlLOzrYAXBNwSSeQ48rTddMNh16rpVRDUUAl1RAHS5DGyAAs3vXtfcO0nWdE+ii4W9VhmrOczMd+utgPhHZLHDuVq2torFQAAAqsbgmx++oFxfceMZUmq+BCaUpNnIOkTYY1VOFXKmRQykMrK4JDZg3xWCk201juB2Pnwz10Zi1NyGQLcBAoZnZ72XsHHhxt2TaOwcNiNatBHP2rWf8a2b1lK/7PMGb5TVS+8LUJH9QM2U9UZOJx+q54knxk/amzMMmFp1Vrk12tmp5kYb9bBRdRbXrG+8WnTR+zfCDe1Zu91H9qiTMP0HwKajDhj99nf0YkekJTXoCicb6LmstcPQoGs2VlsC6gZha5dCMpHfzE3nRvoKEc4jFBXqs5cIvuIzHNoDvIJ0vu9Zu1oqlkRVVRuCgAeQj4pzOU2zSMUjnPSyhlVh1vf5ZRwA6t7G1/fsbgi9uOWwG0QgIIPxkDnfLYAeBnSDh1qYllNmUl1dWIbMBcWtuy3Lix1G6RsV0FwzHqB1PJWJt+K8wcbYzCaUaZx/Es9ZyALC+g49gNtbzqv7OOjZo0y9RRmfgRuHAfrnLnZfRChQ6xzO3Nze3cNw8ppMLyA0mm2UlJJaMltPDezqMoGhGYS/2BWzUrHehynu4enykfpRQtkbvB+YkbozVtVZT8S38VNj8zGmu6FjeR/l6ZS9V/ovK1AGMLimTR+svPiPzlmUkDF0QYvtcHP1LTH7gi41B3QSv2bUyuaZ1BuV7xvH18Ic1TtGDjTouwIoCGBEvUVd5t8/KWKIO8yfTLb6YZCL9dl6o4jeLydt3GMFAUsoJNzxPEDs4zPbN2RRrVmNRFcgXGbW1soJ17SZWabjaHsXTtQ/K+PYwmz9l1sQxZEBZjvPurfif1xM6h0Y6OLh0Bc53tqxHHjaWmHorTACIABwUAR//Vgb1YeEWjFImeSUtIkZZQ7Z6lQHWzLmUDdnXqi4A+8h33NuSy2/1q9vkZB2ugrIVU2desh+8OG7QEXBPImX0ZJMtKFQMARfUcd45g9scXfMbsDazh/ZspW1wVI1Ure50G63ymtDNCyHEfIgKRtakXmklaaIdRbGR8djciM3IaXta50G8jjJtWlxlKG/1FUKv+3TN2PB34D9cu0Suy6og7CwzNUJYkbzY2BF7AX1Jva+88dwmlCKolXsxutfW16lgQQAMy+7fUg8zxvaT3F5KQWM1nLmw3cZNwy2AEZpoBH1MAZD6RLegTyIP0+szmx6mWvSPMsp/mW/zM0+0zmpsvNT6azG06mUo3FWU+ZP5CMwdwZ0OlV4JR+/2joZEh4gx/2lxeV2LraRds5sUVOKrlagYbxf1Focj4hb6wSts0pGpfEM3u6DnxP5Q6aCLRIsLLNt8melwV+2qN6RIGqkN62PoTKDYdYJiFvuYZfWw8zaa6tSzKy8wR5i0wGIDAgjRgdOxty/1TfHuLQ/0vjxSgdDdYzpfdDwWJFSmjjcyq3mI4VmRz060xAVeUMUxDKiCQBWbZ2UlVcxQF11U26xykNYW1v1RbtkHZftUDKjLUC/CSQ1gFGlwLDMHHlvvpoxKvGYd0dXS9iVB6xsuZ7uStj1TcXty7iCgsVT2kt8rI6MLXGUkagnQ23aW3RX/wAmp91KjaA6IQNeZO7XQ/8ARkrCYxaiqwPvC4uCL91wCRoZIhRFlRVwtWt/uNkT7CG5O73n4jRtLcRyjrotKm2VQAqkgAhde88e0ywJlLtermIQXsCMxy5rPoUUX01157x2yGiyY1sajZSwIOgFwxfMdWJzn3jdpZBYMNRyqBpfebaC532HAdkcyyCRIEEXlhWkEkbFe6e6YvEaZl5MD/ULehm5dbi0xO11yuf1uP8A+V85vhfKH+jd90TUYXE3Re6M1NZBp18oAk5DeL3Ym1RHq04JJcQQINAIcbUxwS6MWGJhdt0stWp2Nm+TD5zdiZLpPS/eX5oP8h9BN8L2N9BKste6LDonUvRKn4HZfAnMvowl3M70SqaMPtBXHiuU/JfOaO0pJU2jHqF25ZL5EEQrRwiC0oZWIEUIMsUFgDZW4nZitdkORiAtxpoHz25rrfdz4xnLiFvbUF9LWYIh5ZrMxvz5y4Cw7SaIsplqYhiLiwztewC3QXyWJvqdCRpbXWKwGzAlmaxfKASBYacTzbhf8zLUiFaRRNjZELLHMsGWRRNjWWERHrRqq4UXJAHbpIolOxuobTB7efMxN+zxZgF/qt5TQ7U2mCMq7ufPu/OZjErnJHLVj226qjzv+HtjOKDirZ1OjxOPil6j4xFxS7Qb/wAuk0WGNwJk8KCbHgCfAnUjwNx4TSYGpwiklU2hfPFKTSJdbQQRFc3ggYGgURUIQGXMBQMy/SmrZ+5L+pP0mgaraZbpCc1UjmVXwNs3oWl8DuQ30cf/AFt+w1s+saeUroVAA7rWsRymlw22kI63VPmPA/nM69O8byEcPL8o3KCY7lwQy7fJuKdZW1VlPcQflF2mBObkfK/yixXcbmYdxYTJ4fkVfQe0v0bu0O0wLYt+NR/xNEtiGO9mPi5h+H5I/wCvl/l+jf3tv0iHrqN7KO9gJz+4PBj/ACsYB/CfwmT+H5LL/j/eX6Nw20KQ31U/EPleMvtigPjB7gT8hMeub7J/pgCtyA7zb5SfwouugguZM09Tb9MblZvAD5mRqnSI/DTHi1/QD6yi9i3MDwvFrhb73Y+X5SViiaLpMMedk6rtiq3xAfwgD1bWV9TFEnVix7yx/wCo9/pV5X79fnHPZgDSWSS4RrGOOHlRX1UYkfCCNTvaw4DgDre/pfWB6YVbAWH61PPvk2sl17tfz9LyJX3QZrF2IwOFshNt7sR3aX9bydhmtJOAo3w6ntcesibjEMi8TOZN3N/bLK9xBGab6QSpkadTDMSsWwlzB8lTtCrkDE7rGUGJqB6iNzGcd2QD/OaLaVO6mZDAE5yhOqF1X+E5GB8LgSen8OR/R0el9/gtjE2i1S3fFZZ0DexsiCLYbokiAWIYRNoswjAsmII4wgI4YmBawgIYEMboYgRYWWKBtCggQxUEAMKVIDvrIDrYFeRt4cPQiTjIeK0bvUHxGh+Ygy8OS32Lrhz92oR5qDKvGVAGljsaoBh6t/tD+0THbV2oFciIZnUjn9t5ZfZoaFS8Ep9mY7NBF+4HHZ0tIsxFOKMYQm+SHi9xmQwrWxFRbC5UMDxtuI/tmvxR0MxHtcuOX7yOnyb/ABk43U0PdM9MvQIDFRM6CGBLDd3RDR19w7o1AmImAwEQiIFgoIdokNfSBYUILQ7xJMCAzBaC8F4ACHCggAGkLHt7p/iX6/4yWzSBtM9VB94nwsw+olWWitonYB/3Djm/yUSlr4QO2olthjlojtLH6fSMotzObm3JiMn42/kVs/Aqu4Wglnhk0gmXaU7jR04p4iiYsxhcCr5IWN3GYhSP9dRvxfL+IFfrNpjzoZim0xdE/wDKn9wguRrH5X9GiItcHeND4RJk3bFPLUJ4EA/Q/KQTOhF2hjHLuin7ht7ojMdB0tGiZJpEF4kwQmMCyBBaETDgWBaHCEEADvAIIBAgEEEJjAkQ0rtpG7oo3hT5sRb5GT76yDgznrluAJt3KNPXXxmc3Ssluk5exPxAyqF5ADyiMMmsKubmSsMk5r2znNkqmIIhmtBIKGhoxwxuhujrTZGD5K3HDTwmMrD/AMml/wDYn9wmyx50Mx7i+Joj/kT+4Q9RnH5Wbfb6aK3IkeYv9JRMZrcZhw6FTx9DwMyDtHMb0W6Kdx7fYUpjbaROaBjNbHe3Yd4m8TFKsktwGBFKsMLFWkUVbE2hQ2iCYAhUSWEBhZYFqBeIdosxpllSyoiYzEZVNvebQdnM+EZ2U1ix+7b1hbRHXA5J/cTf5ROD3HwmOZ+FkZf42WNLUy0pLpK/BJeWFRwqkxE5bYinhzVbIDYAXY8uXiTDlvszDZEF/ebrN3ncPAQTZY9C8suyVQjpjNKOEyESyux+6ZSmL4uiP+RT/UJrMcdDMphx/wCZR/jX5wXIxHyP6OkzJbSoBKjAcesO4/8Ad5rZQ9IqeqN3g+hH1jUHsw6SXbkr3KUrElI6IU3OvYgJFBY4RDtJIchIEIxUQ0CEJaJhkwryCyBaC8EAECQgImroI6IzVMC0dsq8eOtf7q/5ROD325iO4tbuo5r8j/3GM+VhbnaL5vKwzfxsu8LoPST8JRz1FB91eu3bbcPP5GV1E6TQbFpZUzne5v8AyjRfqfGKQVyOPkl2xJlQwRNQwRkVBRjhMaoaCLY6xcYIWMGkytPTGUT/AMijzNprsStxMnjhlrUm5VEPkwhezWG00dFlX0gW9MHkw+REtJWbfH7ruK/l9YzHlC2D+RfZnLw4hYqMo7dDkMRN4qSUYTRpjHGEbIgyyCgh2hASCQ4IUO0ABGHjzRppDLxIldbZW71Pjr8x6yFWHWBPAyzrJdT2WPkbyrxbaZhuB9LGxmWVXFotNd0Gi62RQ9qwThvY8lG/6DxmvbTQaAbpnehzqQ542Ty61/pNC5i2Jas4GZ3KhlzBEuYc1Mh2kLCIdtYrNpIzvrFmModqjSZDpGthfkb+U1tV+Ey/SIXRpDNMb2bxGuAeYB8xI21UBouD9knxAuPUCFslr0KRO800P9IkplBBB1BFj3GNJiSdST9mYdWPGOKZMxuzChIW5Ufi3esgZfOMRknwd6E4zVpkhYYjC1Lb44r6S4OLFGItCZogvAEhdoBG80GaQTQ5DBjYaHeAUBogiGzgb4xYltd3Afr9fULJB0XzEi1hrv8A1+uMqNqtkRxw91RzLDTvNvlLWrUCHXjuHEzFLj3xWLdW0VHZVQHipy5jzY28JhmyJRr1K5Miiml6o3XQc2Zl5pfyYfnNaxmY2CmSqvarL6X/AMZpXMXxeU4ubzDTmCJYwTUyHzukRl1koHSMsIqNIS5mb6QnqNbul5WeUmKGerST7VVL9wOZvQGHJda2bfC0siIn2UVfwgD6R0RJMTUfKpY8BeNCPJEqG7t3gegkbF4APrubmPqOMGGYnU7yb+clXi6k07Q1FuDVMzOJw7IQGHHQ8D3GMIDzmuqUwwIYXB4SsxGxb6oSDybUeY3esbhmT5HcfVp6noo2YiEX4x/EYSolyym3MdYekiswtbtueE2Uk+ByLUla2OAxQjJAN+3Tn84ogZgeQ5D8pJLQ4WGvZf0gZ91o1prfcb79d+u6HcnQC/dIbS5IdLbFHQnz7pGxGJynTVuX5yUcM7cMo9YKeAAi2TP6RFp9QlqP9lfToMTnbU/rdM7Q2Q1HG+1Yfuq1RsrAj37Asp4g6k67x4zdtSsNJSbWrZKLA7g9KoOwioFY/hZvKKPfIqpNyNL7Cz07fbHpv9Ly1cyClUMtN/vL/Vp9ZMczbEtCubzDLmCIqNCmpkS0OkQ5h020jdYxYaIGMeVmwVz41PuI7+JAQf3yXjnsDGuhC5quIfkEQeOZj8lhFXJEzdQZs5B2pV0Cc9T3Dd6/KTRKWrUzuzcL2HcJtkdIWxxuQ5R0klGkVDHlMwRuyQpilaMgxQaWKtD8Yq4NG95FJ5lRfzi1aGWlkyE2uCC+yaP2LdxYfIxA2PR+yfxN+cmu0CtJ75e5osuT3f8AZEXZdIbkHjc/OKamo3ACSS0jVjKybfId0ny7ItcyMix2q0QplGCAwlHtnCB0dDuZWXzG+X1pBxaaSGWTIuxaxahQW/WJQeKEZr9wUnwmnqNOTbd6SVMC6+ztmWoXysLh6bjrL2C+bUbtJ0nZe0kxFFK6e66BgDa4J3qbcQbg902xLw2ZdQ/Ev7HnMERUMKamBMpboitBBFhoo9pcY/8As/8A9uuf+b/BYUEtj8wZfIaqv7r/AMLfKUtDdBBLZeUZ4uGPLHlggmZoxyAQQSSo4sDQQSSBpodOCCQSG0jV4IIAiA++BYIJUuPyHid0EEhgjmX7S6S+zVrdbPa/G3W0g/ZBjantqlHOfZmmz5eGdbAMOR7t/GHBGMXlMM3mOpVIIIJczP/Z','2022-12-22','2023-04-12 17:10:14','2023-06-07 18:53:04',NULL),(8,4,'Vestido Legally','Vestido corto de satén con sustracciones en cintura. Unión central en abdomen, en forma triangular','https://encrypted-tbn0.gstatic.com/images?q=tbn:ANd9GcRK1mLyHJHqv3TpRRYnqNJ7SJeQRUYcCp3cH42VB92hbLgJlQDH3buODY37jhWb3kpSUEY&usqp=CAU','2023-01-31','2023-04-12 17:10:14','2023-06-07 19:08:12',NULL),(9,5,'Zapatillas Air','Zapatilla de PU con interior al tono, lengueta grande, cordones anchos. Base con camara de aire.','https://media.solodeportes.com.ar/media/catalog/product/cache/7c4f9b393f0b8cb75f2b74fe5e9e52aa/z/a/zapatillas-47-street-nomad-mujer-fucsia-21401701766zdc0-1.jpg','2023-03-11','2023-04-12 17:10:14','2023-06-07 19:08:12',NULL),(10,5,'Sandalias Flower','Sandalias de cuero sintético. Taco medio. Con pulsera fina regulable. Sin plataforma.','https://encrypted-tbn0.gstatic.com/images?q=tbn:ANd9GcS7QaFl6pvdtwnH6rOEuvjjiWxxwKngNhsTEW_7f0gJNaj5-1MfGI5RiugcCgm4C8yTy6k&usqp=CAU','2023-02-28','2023-04-12 17:10:14','2023-06-07 19:08:12',NULL),(13,7,'Buzo liso azul','Buzo billabong de hombre liso, comodo y abrigado para usar en el día a día ','https://d3ugyf2ht6aenh.cloudfront.net/stores/987/679/products/11138905-a-71-57f3a18967d760a9c416788891586607-1024-1024.jpg','2023-06-07','2023-06-12 18:50:20','2023-06-12 18:56:13',NULL);
/*!40000 ALTER TABLE `productos` ENABLE KEYS */;
UNLOCK TABLES;

--
-- Table structure for table `usuarios`
--

DROP TABLE IF EXISTS `usuarios`;
/*!40101 SET @saved_cs_client     = @@character_set_client */;
/*!40101 SET character_set_client = utf8 */;
CREATE TABLE `usuarios` (
  `id` int(10) unsigned NOT NULL AUTO_INCREMENT,
  `nombre` varchar(25) NOT NULL,
  `emial` varchar(100) NOT NULL,
  `password` varchar(200) NOT NULL,
  `foto_de_perfil` varchar(10000) DEFAULT NULL,
  `dni` int(11) NOT NULL,
  `fecha_de_nacimiento` date NOT NULL,
  `created_at` timestamp NOT NULL DEFAULT CURRENT_TIMESTAMP,
  `updated_at` timestamp NOT NULL DEFAULT CURRENT_TIMESTAMP ON UPDATE CURRENT_TIMESTAMP,
  `deleted_at` timestamp NULL DEFAULT NULL,
  PRIMARY KEY (`id`),
  UNIQUE KEY `emial` (`emial`),
  UNIQUE KEY `dni` (`dni`)
) ENGINE=InnoDB AUTO_INCREMENT=8 DEFAULT CHARSET=utf8;
/*!40101 SET character_set_client = @saved_cs_client */;

--
-- Dumping data for table `usuarios`
--

LOCK TABLES `usuarios` WRITE;
/*!40000 ALTER TABLE `usuarios` DISABLE KEYS */;
INSERT INTO `usuarios` VALUES (1,'raul','raulperez@gmail.com','rperez234','https://images.app.goo.gl/D6HWrVpgxWMpJjw4A',250986759,'1978-04-23','2023-04-11 17:08:13','2023-06-16 17:29:23',NULL),(2,'felix','falexander@udesa.edu.ar','papafrita','https://images.app.goo.gl/D6HWrVpgxWMpJjw4A',93954123,'2002-07-05','2023-04-11 17:09:23','2023-06-12 20:16:05',NULL),(3,'chiara','cfacal@udesa.edu.ar','alfajor','https://images.app.goo.gl/D6HWrVpgxWMpJjw4A',44234658,'2002-03-28','2023-04-11 17:12:34','2023-06-16 17:29:23',NULL),(4,'tina','mrubaja@udesa.edu.ar','tina234','https://images.app.goo.gl/D6HWrVpgxWMpJjw4A',43123908,'2001-10-14','2023-04-11 17:14:26','2023-06-16 17:29:23',NULL),(5,'lali','laliesp@gmail.com','laliii10','https://images.app.goo.gl/D6HWrVpgxWMpJjw4A',35348731,'1996-04-10','2023-04-11 17:16:05','2023-06-16 17:29:23',NULL),(7,'felixA','fse@gmail.com','$2a$12$r9fInq4ylpqMBJJCh0dhN.WWd3iVDeZEX16/CCfi7vykR9VG8ljEq','https://images.app.goo.gl/D6HWrVpgxWMpJjw4A',47224927,'2005-07-03','2023-06-07 20:40:01','2023-06-16 17:29:23',NULL);
/*!40000 ALTER TABLE `usuarios` ENABLE KEYS */;
UNLOCK TABLES;
/*!40103 SET TIME_ZONE=@OLD_TIME_ZONE */;

/*!40101 SET SQL_MODE=@OLD_SQL_MODE */;
/*!40014 SET FOREIGN_KEY_CHECKS=@OLD_FOREIGN_KEY_CHECKS */;
/*!40014 SET UNIQUE_CHECKS=@OLD_UNIQUE_CHECKS */;
/*!40101 SET CHARACTER_SET_CLIENT=@OLD_CHARACTER_SET_CLIENT */;
/*!40101 SET CHARACTER_SET_RESULTS=@OLD_CHARACTER_SET_RESULTS */;
/*!40101 SET COLLATION_CONNECTION=@OLD_COLLATION_CONNECTION */;
/*!40111 SET SQL_NOTES=@OLD_SQL_NOTES */;

-- Dump completed on 2023-06-16 19:50:57
